Workbook

Sheet Delete
A1: Employee name | B1: Rank and Grade | C1: Bench Category Column | D1: 6 Weeks Forecast | E1: 12 Weeks Forecast | F1: Current Week Forecast | G1: WC 19 May 2026 | H1: WC 26 May 2026 | I1: WC 02 Jun 2026 | J1: WC 09 Jun 2026 | K1: WC 16 Jun 2026 | L1: WC 23 Jun 2026 | M1: WC 30 Jun 2026 | N1: Allocation as of 18 May 2026 | O1: Nationality | P1: Previous/Existing Project Roles | Q1: Primary Skillset (Platform) | R1: Secondary Skillset | S1: Aspiring roles | T1: Current Engagement | U1: EM
A2: Masked Person 1 | B2: Senior Manager 1 | C2: Coming on bench in 4 week(s) | D2: 0.386667 | E2: 0.38664958 | F2: 0.386458 | G2: 0.386667 | H2: 0.386667 | I2: 0.386667 | J2: 0.386667 | K2: 0.386667 | L2: 0.386667 | M2: 0.386667 | N2: Jan - Dec 2026 - Client A 40% | O2: Singaporean | T2: Client A - Platform A1 (GovCloud) - ENG-017 | U2: Masked Person 1
A3: Masked Person 2 | B3: Intern (CS) 1 | C3: Coming on bench in 9 week(s) | D3: 0 | E3: 0 | F3: 0 | G3: 0 | H3: 0 | I3: 0 | J3: 0 | K3: 0 | L3: 0 | M3: 0 | N3: May - Aug 2026 - Client G 100% Internship until 7 Aug | Q3: Python, MySQL, C++, Javascript, Typescript | R3: PyTorch, Scikit-learn, SHAP, Model Optimization, Feature Engineering | S3: Software Developer / AI Engineer | T3: Client G S/4HANA Implementation - ENG-016 | U3: Masked Person 37
A4: Masked Person 3 | B4: Senior 2 | C4: Coming on bench in 4 week(s) | D4: 1 | E4: 1 | F4: 1 | G4: 1 | H4: 1 | I4: 1 | J4: 1 | K4: 1 | L4: 1 | M4: 1 | N4: Jan - Dec 2026 - Client A 100% | O4: Singaporean | P4: Data Engineer | Q4: Terraform, Python, Script | R4: GenAI Engineering | S4: GenAI Engineering | T4: Client A - Platform A1 Maintenance Phase 1 &2 - ENG-003 | U4: Masked Person 13
A5: Masked Person 5 | B5: Senior 1 | C5: Coming on bench in 3 week(s) | D5: 0.5 | E5: 0.25 | F5: 1.25 | G5: 1 | H5: 1 | I5: 1 | J5: 0 | K5: 0 | L5: 0 | M5: 0 | N5: Jan - May 2026 - Client F 100% | O5: Singaporean | P5: Data Analyst | Q5: Qlik sense | R5: SQL | S5: AI and Analytics | T5: Client F - Project F1 - ENG-021
A6: Masked Person 6 | B6: Senior 3 | C6: Coming on bench in 4 week(s) | D6: 1 | E6: 0.66666667 | F6: 1 | G6: 1 | H6: 1 | I6: 1 | J6: 1 | K6: 1 | L6: 1 | M6: 1 | N6: Feb - Mid May 2026 - Client G 100% Mid May - Mid Aug 2026 - Client L 100% | O6: Singaporean | P6: Business Analyst | Q6: Python, T-SQL, MySQL, Unix, PowerBI, QlikSense, Tableau, SQL Server, Power Automate, Excel, Powerpoint | R6: PySpark, Azure Snowflake, SSIS | S6: Project Manager | T6: Client L Project L1 | U6: Masked Person 37
A7: Masked Person 7 | B7: Manager 3 | C7: Coming on bench in 4 week(s) | D7: 0.56666667 | E7: 0.28333333 | F7: 1 | G7: 1 | H7: 1 | I7: 1 | J7: 0.4 | K7: 0 | L7: 0 | M7: 0 | N7: Aug 26 - Client A | O7: PR (Malaysian) | P7: Data Engineer, Analyst | Q7: PostgreSQL, Microsoft SQL, SAS Viya, SAS 9.4, IBM Spectrum LSF, agile | R7: Linux, Power BI, scrum master | S7: AI Engineer and data scientist | T7: Client A - Platform A1 (GovCloud) - ENG-017 | U7: Masked Person 1
A8: Masked Person 8 | B8: Senior 1 | C8: Coming on bench in 30 week(s) | D8: 1.06207 | E8: 1.06207 | F8: 1.49957 | G8: 1.06207 | H8: 1.06207 | I8: 1.06207 | J8: 1.06207 | K8: 1.06207 | L8: 1.06207 | M8: 1.06207 | N8: Jan - Dec 2026 - Client A 100% | O8: PR (Malaysian) | P8: Business Analyst | Q8: Microsoft Azure, Spark, Python, SQL | R8: AWS, GCP | S8: Data Engineer | T8: Client A - Platform A1 (GovCloud) - ENG-017 | U8: Masked Person 1
A9: Masked Person 9 | B9: Staff/Assistant 2 | C9: Coming on bench in 4 week(s) | D9: 0.56666667 | E9: 0.28333333 | F9: 1 | G9: 1 | H9: 1 | I9: 1 | J9: 0.4 | K9: 0 | L9: 0 | M9: 0 | N9: Jan - Jun 2026 - Client A 100% | O9: Singaporean | T9: Client A - Platform A1 in GovCloud - ENG-004
A10: Masked Person 11 | B10: Senior Manager 1 | C10: Coming on bench in 4 week(s) | D10: 0.34 | E10: 0.17 | F10: 0.6 | G10: 0.6 | H10: 0.6 | I10: 0.6 | J10: 0.24 | K10: 0 | L10: 0 | M10: 0 | N10: Jan - Jun 2026 - Client D 60% | O10: PR (Malaysian) | Q10: System Migration | R10: Data Architect | S10: AI Philosopist | T10: Client D - Platform D1 GovCloud Migration - Imp - ENG-007 | U10: Masked Person 11
A11: Masked Person 12 | B11: Senior 2 | C11: Coming on bench in 17 week(s) | D11: 0.84415833 | E11: 0.92857417 | F11: 0 | G11: 0 | H11: 1.01299 | I11: 1.01299 | J11: 1.01299 | K11: 1.01299 | L11: 1.01299 | M11: 1.01299 | N11: Jan - Mid May 2026 - Client H 100% | O11: Singaporean | P11: Tech Lead | Q11: Azure, Linux, Neo4j GDS, PostgreSQL, Python, MySQL, Hadoop, REACT, Java, HTML, CSS, SQL, Tableau, AWS | R11: Power BI, JIRA, GCP, PyTorch, TensorFlow, Scikit-learn, Python, C++, C, Navicat, Kafka, Spring | S11: Cloud platforms, MLOps | T11: Client H Project H1 - ENG-020 | U11: Masked Person 29
A12: Masked Person 13 | B12: Senior Manager 1 | C12: Coming on bench in 47 week(s) | D12: 1.04661 | E12: 0.69777333 | F12: 1.04661 | G12: 1.04661 | H12: 1.04661 | I12: 1.04661 | J12: 1.04661 | K12: 1.04661 | L12: 1.04661 | M12: 1.04661 | N12: June 2026 Client AE, Client A, Client E - Combined 100% | O12: EP (Indian) | Q12: Project Management, Agile Delivery, Scrum | R12: Data Governance | S12: AI Strategy and Governance | T12: Client C - Platform C1 - Implementation Release 2 and 3 - ENG-014 | U12: Masked Person 61
A13: Masked Person 14 | B13: Senior 3 | C13: Benching for 4 week(s) | D13: 0 | E13: 0 | F13: 0 | G13: 0 | H13: 0 | I13: 0 | J13: 0 | K13: 0 | L13: 0 | M13: 0 | N13: Jan - May 2026 - Client A 100% | O13: EP (Indian) | P13: Lead Data Engineer | Q13: Python, SQL, PySpark, Databricks, Fabric | R13: Langchain, LangGraph, RAG | S13: Gen/Agentic AI roles | T13: Client A - Platform A1 (GovCloud) - ENG-017 | U13: Masked Person 1
A14: Masked Person 16 | B14: Senior Manager 3 | C14: Benching for 10 week(s) | D14: 0 | E14: 0 | F14: 0 | G14: 0 | H14: 0 | I14: 0 | J14: 0 | K14: 0 | L14: 0 | M14: 0 | O14: EP (Indian) | P14: Project Lead | Q14: Project Management, Business Analysis | R14: - | S14: - | T14: Client C - Platform C1 - Implementation Release 2 and 3 - ENG-014 | U14: Masked Person 61
A15: Masked Person 17 | B15: Senior Manager 3 | C15: Coming on bench in 4 week(s) | D15: 0.0470833 | E15: 0.048064208 | F15: 0.0588542 | G15: 0.0470833 | H15: 0.0470833 | I15: 0.0470833 | J15: 0.0470833 | K15: 0.0470833 | L15: 0.0470833 | M15: 0.0470833 | O15: PR (Indian) | Q15: AI Engineering, Solutions Development | R15: - | S15: - | T15: HOUSING & DEVELOPMENT BOARD - Client E System E1 Support - ENG-005
A16: Masked Person 18 | B16: Staff/Assistant 2 | C16: Coming on bench in 4 week(s) | D16: 0.93593217 | E16: 0.97603108 | F16: 0.583333 | G16: 0.583333 | H16: 1 | I16: 1 | J16: 1 | K16: 1.01613 | L16: 1.01613 | M16: 1.01613 | N16: Jan - Mid May 2026 - Client H 100% | O16: PR (Indonesian) | P16: AI developer | Q16: Python, TensorFlow, LangChain, Azure, Scikit-Learn, Keras, Streamlit, Flask, FastAPI, FAISS, Qdrant, SQL (MS SQL, MY SQL), ReactJS, Django, SprintBoot, Java | R16: Docker, AWS, PostgrSQL, MongoDB, GraphQL, C/C++, Swift / SwiftUI, Android programming | S16: Deepen AI skills, Cloud architecture, Devops | T16: Client H Project H1 - ENG-020 | U16: Masked Person 29
A17: Masked Person 19 | B17: Intern (CS) 1 | C17: Coming on bench in 17 week(s) | D17: 1.02885 | E17: 1.02885 | F17: 1.02885 | G17: 1.02885 | H17: 1.02885 | I17: 1.02885 | J17: 1.02885 | K17: 1.02885 | L17: 1.02885 | M17: 1.02885 | N17: May - June 2026 - Client I 100% | P17: Software Developer | Q17: JavaScript, React, Node.js, HTML, CSS, REST APIs, Powerpoint, Excel | R17: PostgreSQL, Microsoft SQL, Git, Azure/AWS, Docker, GitHub Copilot, Basic DevOps | S17: Full Stack Developer
A18: Masked Person 20 | B18: Manager 3 | C18: Coming on bench in 4 week(s) | D18: 1 | E18: 0.66666667 | F18: 1 | G18: 1 | H18: 1 | I18: 1 | J18: 1 | K18: 1 | L18: 1 | M18: 1 | N18: Jan - Jul - Client B 100% | O18: EP | P18: Tech Lead | Q18: SAS, SQL, Python, Linux scripting | R18: Talend, Informatica, Java, JavaScript | S18: Technical Lead – Data & Analytics | T18: Client B - System B1 SAS Upgrade - 3.5 - ENG-010 | U18: Masked Person 11
A19: Masked Person 22 | B19: Staff/Assistant 2 | C19: Coming on bench in 4 week(s) | D19: 1 | E19: 1 | F19: 1 | G19: 1 | H19: 1 | I19: 1 | J19: 1 | K19: 1 | L19: 1 | M19: 1 | N19: Jan - Dec 2026 - Client D 100% | O19: EP | P19: Data Engineer | Q19: SAS, Python, SQL, Microsoft Power BI | R19: Generative AI, Machine Learning, Artificial Intelligence, Java | S19: Data Scientists | T19: Client D - Platform D1 GovCloud Migration - M&S - ENG-008 | U19: Masked Person 11
A20: Masked Person 23 | B20: Intern (CS) 1 | C20: Benching for 2 week(s) | D20: 0 | E20: 0 | F20: 0 | G20: 0 | H20: 0 | I20: 0 | J20: 0 | K20: 0 | L20: 0 | M20: 0 | P20: Data Engineer | Q20: Python, MySQL, PostgreSQL, Java, REACT, Machine Learning, C | R20: PyTorch, Scikit-learn, SHAP, Model Optimization, Feature Engineering, Data Analytics, Deep Learning | S20: AI/ML Engineer, Data Scientist
A21: Masked Person 25 | B21: Manager 1 | C21: Coming on bench in 4 week(s) | D21: 1 | E21: 1 | F21: 1 | G21: 1 | H21: 1 | I21: 1 | J21: 1 | K21: 1 | L21: 1 | M21: 1 | N21: Apr - Sep 2026 - Client I | O21: PR | P21: Project Manager | Q21: Python, LLM/RAG Development (Langchain), AWS Analytics pipeline & services, BI, PostgreSQL | R21: Azure AI Services, Streamlit | S21: MLOps, Enterprise AI & Cloud architecture, Multi-agent systems | T21: Client I - AI Roadmap & MVP Implementation - ENG-019 | U21: Masked Person 29
A22: Masked Person 26 | B22: Senior 3 | C22: Coming on bench in 4 week(s) | D22: 0.41666667 | E22: 0.45833333 | F22: 0.5 | G22: 0.5 | H22: 0.5 | I22: 0 | J22: 0.5 | K22: 0.5 | L22: 0.5 | M22: 0.5 | N22: Apr - May 2026 Client AG 80%, Platform C1 20% + Project C2 to start soon, will drop Client AG to 50%. May 2026 - November 2026 Project C2 enhancement + new AI use case 100% (both are TBC) | O22: PR (Indonesian) | P22: DG Lead, Technical Lead | Q22: SQL, Purview, Azure, Alation, Python | R22: QlikSense, Power BI, MATLAB, Fabric | S22: AI Engineer | T22: Client C - Platform C1 - Implementation Release 2 and 3 - ENG-014 | U22: Masked Person 61
A23: Masked Person 27 | B23: Manager 3 | C23: Coming on bench in 4 week(s) | D23: 0.34 | E23: 0.17 | F23: 0.6 | G23: 0.6 | H23: 0.6 | I23: 0.6 | J23: 0.24 | K23: 0 | L23: 0 | M23: 0 | N23: Jan - Dec - Client A 60% | O23: EP (Indian) | Q23: Azure ML, Cloudera, SQL, PostgreSQL, Azure Synapse | R23: SAS Viya / SAS 9.4, Tableau, Power BI, Azure Information Assist & AI | S23: Data Scientist | T23: Client A - Platform A1 Maintenance Phase 1 &2 - ENG-003 | U23: Masked Person 13
A24: Masked Person 28 | B24: Staff/Assistant 2 | C24: Coming on bench in 4 week(s) | D24: 1 | E24: 0.75 | F24: 1 | G24: 1 | H24: 1 | I24: 1 | J24: 1 | K24: 1 | L24: 1 | M24: 1 | N24: Mar 2026 - Aug 2026 Client B 100% | O24: Singaporean | P24: Data Engineer | Q24: Python, Maching Learning, Data Engineering | R24: - | S24: Data engineer, data scientist, data analyst | T24: Client B - System B1 Maintenance & Support YR 2 to 5 - ENG-006 | U24: Masked Person 11
A25: Masked Person 29 | B25: Senior Manager 2 | C25: Coming on bench in 0 week(s) | D25: 0 | E25: 0 | F25: 0 | G25: 0 | H25: 0 | I25: 0 | J25: 0 | K25: 0 | L25: 0 | M25: 0 | O25: EP (Indian) | Q25: AI Scientist (Machine Learning, Computer Vision, Language AI, Generative AI, Agentic AI) | R25: AI Strategy & Consulting | S25: AI Scientist (Machine Learning, Computer Vision, Language AI, Generative AI, Agentic AI) | T25: Client J Construction Analytics & AI MVP Client H Project H1 - ENG-020 Client I - AI Roadmap & MVP Implementation - ENG-019 | U25: Masked Person 29
A26: Masked Person 30 | B26: Senior 3 | C26: Coming on bench in 30 week(s) | D26: 1.06098 | E26: 1.06098 | F26: 1.06098 | G26: 1.06098 | H26: 1.06098 | I26: 1.06098 | J26: 1.06098 | K26: 1.06098 | L26: 1.06098 | M26: 1.06098 | N26: Jan - April Client C 100% | O26: Singaporean | P26: Business Analyst, Data Engineer | Q26: SQL, Azure, Power BI | R26: SAS, Python, R, Linux | S26: AI Engineering | T26: Client C - Platform C1 - Implementation Release 2 and 3 - ENG-014 | U26: Masked Person 61
A27: Masked Person 31 | B27: Staff/Assistant 2 | C27: Coming on bench in 4 week(s) | D27: 0.83333333 | E27: 0.41666667 | F27: 1 | G27: 1 | H27: 1 | I27: 1 | J27: 1 | K27: 1 | L27: 0 | M27: 0 | N27: Mar - Dec 2026 - Client B 100% | O27: EP | P27: Data Engineer | Q27: Python, SQL, PySpark, R, CQL, Azure, MS SQL, Power BI | R27: Java, C, C++, JavaScript, PostgreSQL, R, DAX, CSS, HTML, SAS, NetBeans, Azure, AWS, Oracle, Bitbucket, Git, SAP, Snowflake | S27: Data Engineer, Solution Architect, Data Scientist | T27: Client B - System B1 SAS Upgrade - 3.5 - ENG-010 | U27: Masked Person 11
A28: Masked Person 32 | B28: Staff/Assistant 1 | C28: Coming on bench in 8 week(s) | D28: 1.02174 | E28: 0.68116 | F28: 1.02174 | G28: 1.02174 | H28: 1.02174 | I28: 1.02174 | J28: 1.02174 | K28: 1.02174 | L28: 1.02174 | M28: 1.02174 | O28: Singaporean | P28: Platform C1, testing & documentation | Q28: Python, Typescript, Next.js, Java | R28: React.js, JavaScript, C++, AWS | S28: Software / Data Engineer
A29: Masked Person 33 | B29: Senior 1 | C29: Coming on bench in 4 week(s) | D29: 1 | E29: 1 | F29: 1 | G29: 1 | H29: 1 | I29: 1 | J29: 1 | K29: 1 | L29: 1 | M29: 1 | N29: Jan- Dec 2026 Client B 100% | O29: PR | P29: Data Engineer | Q29: SQL, PostgreSQL, SAS, Python, R | R29: Tableau, Power BI | S29: Data Scientist | T29: Client B - System B1 Maintenance & Support YR 2 to 5 - ENG-006 | U29: Masked Person 11
A30: Masked Person 34 | B30: Staff/Assistant 1 | C30: Coming on bench in 0 week(s) | D30: 0 | E30: 0 | F30: 1.25 | G30: 0 | H30: 0 | I30: 0 | J30: 0 | K30: 0 | L30: 0 | M30: 0 | N30: Apr - June 2026 Client F 100% | O30: Singaporean | P30: Business Enablement, AI Analyst | Q30: Python, SQL, React, Generative AI Content Generation | R30: Business Development, Design | S30: Product Manager, Strategy Consultant, Business Analyst | T30: Client F - Project F1 - ENG-021 | U30: Masked Person 29
A31: Masked Person 35 | B31: Senior 1 | C31: Coming on bench in 4 week(s) | D31: 0.56666667 | E31: 0.28333333 | F31: 1 | G31: 1 | H31: 1 | I31: 1 | J31: 0.4 | K31: 0 | L31: 0 | M31: 0 | N31: Jan - June 2026 Client F 100% | O31: Singaporean | P31: Business Analyst, Project Management, Data Scientist | Q31: AWS Sagemaker, Python, R, PyTorch, sklearn, TensorFlow | R31: Fabric, SQL, Gurobi Solver, QlikSense, Power BI | S31: Business Analyst/Consultant, Data Scientist, AI Engineer | T31: Client F - Project F1 - ENG-021 | U31: Masked Person 29
A32: Masked Person 36 | B32: Intern (CS) 1 | C32: Coming on bench in 3 week(s) | D32: 0.4545835 | E32: 0.22729175 | F32: 1.13646 | G32: 0.909167 | H32: 0.909167 | I32: 0.909167 | J32: 0 | K32: 0 | L32: 0 | M32: 0 | N32: Jan - June 2026 - Client A Internship until 26 June | O32: Singaporean | Q32: AI engineering | R32: Software engineering | S32: AI engineer | T32: Client A - Platform A1 (GovCloud) - ENG-017 | U32: Masked Person 1
A33: Masked Person 37 | B33: Senior Manager 2 | C33: Coming on bench in 4 week(s) | D33: 0.2 | E33: 0.2 | F33: 0.2 | G33: 0.2 | H33: 0.2 | I33: 0.2 | J33: 0.2 | K33: 0.2 | L33: 0.2 | M33: 0.2 | N33: Client G | O33: PR | T33: -
A34: Masked Person 38 | B34: Staff/Assistant 2 | C34: Coming on bench in 4 week(s) | D34: 0.56666667 | E34: 0.28333333 | F34: 1 | G34: 1 | H34: 1 | I34: 1 | J34: 0.4 | K34: 0 | L34: 0 | M34: 0 | N34: Jan - June 2026 Client F 100% | O34: Singaporean | P34: Frontend Developer, AI Developer | Q34: Python, SQL, TypeScript, React, PostgreSQL, FastAPI, Docker, LangGraph, ThreeJS | R34: AWS, GCP, Azure, Java, SpringBoot, Hibernate, SalesForce, Git | S34: Cloud Platforms, MLOps | T34: Client F - Project F1 - ENG-021 | U34: Masked Person 29
A35: Masked Person 39 | B35: Senior 1 | C35: Coming on bench in 4 week(s) | D35: 0.56666667 | E35: 0.28333333 | F35: 1.4375 | G35: 1 | H35: 1 | I35: 1 | J35: 0.4 | K35: 0 | L35: 0 | M35: 0 | N35: Jan - June 2026 Client F 100% | O35: PR (Chinese) | P35: AI Scientist | Q35: Python, PyTorch, TensorFlow, AWS SageMaker, SQL, SAS, PostgreSQL, Java | R35: React.js, Next.js, FastAPI, OpenCV, Tesseract, Flask, Power BI, MongoDB | S35: AI Development, LLM, Quantum Machine Learning | T35: Client F - Project F1 - ENG-021 | U35: Masked Person 29
A36: Masked Person 40 | B36: Senior Manager 3 | C36: Benching for 44 week(s) | D36: 0 | E36: 0 | F36: 0 | G36: 0 | H36: 0 | I36: 0 | J36: 0 | K36: 0 | L36: 0 | M36: 0 | N36: Project C2 | O36: EP (Indian) | Q36: Data Governance | R36: Data Processing with Python, Databricks | S36: AI Engineering | T36: -
A37: Masked Person 43 | B37: Senior 1 | C37: Coming on bench in 17 week(s) | D37: 1.02326 | E37: 1.02326 | F37: 1.46076 | G37: 1.02326 | H37: 1.02326 | I37: 1.02326 | J37: 1.02326 | K37: 1.02326 | L37: 1.02326 | M37: 1.02326 | N37: Jan 2026 - May 2026 Client C 100% | O37: PR | P37: Data Engineer | Q37: Excel, Synapse, SSMS, SQL, Pyspark, PowerBI | R37: Azure Data Factory | S37: Business Analyst | T37: Client C - Platform C1 - Implementation Release 2 and 3 - ENG-014 | U37: Masked Person 61
A38: Masked Person 44 | B38: Intern (CS) 1 | C38: Benching for 1 week(s) | D38: 0 | E38: 0 | F38: 0 | G38: 0 | H38: 0 | I38: 0 | J38: 0 | K38: 0 | L38: 0 | M38: 0 | N38: Internship until 30 Apr 2027 | P38: Data/Business Analyst | Q38: Python, C, C++, SQL, Agile Framework, PostgreSQL, Postman, Excel, Powerpoint | R38: Machine Learning, Deep Learning, Data Visualisation | S38: Data Scientist/ ML Engineer
A39: Masked Person 45 | B39: Intern (CS) 1 | C39: Coming on bench in 15 week(s) | D39: 1.03191 | E39: 1.03191 | F39: 1.03191 | G39: 1.03191 | H39: 1.03191 | I39: 1.03191 | J39: 1.03191 | K39: 1.03191 | L39: 1.03191 | M39: 1.03191 | N39: May - June 2026 - Client I 100% | P39: Full Stack Developer | Q39: React, Node.js, JavaScript, REST APIs, HTML, CSS | R39: Python, SQL, Git, AI Tools (Claude, GPT), Cloud | S39: Product Manager | U39: Masked Person 29
A40: Masked Person 46 | B40: Senior 2 | C40: Coming on bench in 4 week(s) | D40: 1 | E40: 1 | F40: 1 | G40: 1 | H40: 1 | I40: 1 | J40: 1 | K40: 1 | L40: 1 | M40: 1 | N40: Jan - Dec 2026 Client B100% | O40: Singaporean | P40: Data Engineer | Q40: SAS, SQL, Power BI, Python | R40: Alibaba's Platform for AI | S40: Data Scientist, Business Analyst | T40: Client B - System B1 SR 2025 & 2026 - ENG-009 | U40: Masked Person 11
A41: Masked Person 47 | B41: Staff/Assistant 1 | C41: Coming on bench in 4 week(s) | D41: 1 | E41: 1 | F41: 1 | G41: 1 | H41: 1 | I41: 1 | J41: 1 | K41: 1 | L41: 1 | M41: 1 | N41: Jan 2026 - Oct 2026 Client E 200% | O41: EP | P41: Data Scientist | Q41: Python, SQL, R, Git, Github, Azure, Databricks, Docker, Databases (MySQL,, MongoDB, PostgreSQL, Snowflake), Power BI, Microsoft Fabric, Scikit Learn | R41: Spark (PySpark, Spark SQL), SQL Server, Tableau, Google Looker, PyTorch | S41: Data Engineer, Big Data | T41: HOUSING & DEVELOPMENT BOARD - Client E System E1 Support - ENG-005
A42: Masked Person 49 | B42: Intern (CS) 1 | C42: Coming on bench in 47 week(s) | D42: 1.04508 | E42: 1.04508 | F42: 1.04508 | G42: 1.04508 | H42: 1.04508 | I42: 1.04508 | J42: 1.04508 | K42: 1.04508 | L42: 1.04508 | M42: 1.04508 | N42: May 2026 - Apr 2027 - Client A 100% Internship until April 2027 | P42: Data Engineer | Q42: Python, SQL, Excel, PySpark | R42: GCP, Git, Azure | S42: Data engineer, Data Analyst | T42: Client A - Platform A1 (GovCloud) - ENG-017 | U42: Masked Person 1
A43: Masked Person 50 | B43: Senior 3 | C43: Benching for 5 week(s) | D43: 0 | E43: 0 | F43: 0 | G43: 0 | H43: 0 | I43: 0 | J43: 0 | K43: 0 | L43: 0 | M43: 0 | N43: Apr until 2028 - Client C 25% Apr - Dec 2026 - Client A 10% | O43: EP | P43: Data Platform & MLOps Engineer | Q43: Cloud & Platforms, DevOps & IaC, Monitoring & Ops, Enterprise Platforms | R43: Data Platforms, Networking & Security, Automation & Scripting, Storage | S43: Cloud DevOps Platform Engineering | T43: Client G S/4HANA Implementation - ENG-016 | U43: Masked Person 37
A44: Masked Person 51 | B44: Intern (CS) 1 | C44: Benching for 3 week(s) | D44: 0 | E44: 0 | F44: 0 | G44: 0 | H44: 0 | I44: 0 | J44: 0 | K44: 0 | L44: 0 | M44: 0 | N44: Client E Internship until Dec 2026 | P44: AI Developer | Q44: Python, C, java, Linux | R44: SQL, Snowflake | S44: Gen AI Engineer
A45: Masked Person 53 | B45: Senior 1 | C45: Coming on bench in 4 week(s) | D45: 1 | E45: 1 | F45: 1 | G45: 1 | H45: 1 | I45: 1 | J45: 1 | K45: 1 | L45: 1 | M45: 1 | N45: Jan - Dec 2026 Client B 100% | O45: PR | P45: Infrastructure & Platform Engineer | Q45: RHEL, SQL, Hyper-V, CIS, Nessus / VAPT remediation, Bash, PowerShell, AWS | R45: Azure, Nutanix, Ansible, SAS 9.4, SAS Viya 3.5, Splunk, NetBackup, Commvault, Windows Server administration | S45: Data Solution Architect | T45: Client B - System B1 Maintenance Yr 4 - ENG-013 Client B - System B1 Maintenance & Support YR 2 to 5 - ENG-006 | U45: Masked Person 11
A46: Masked Person 54 | B46: Senior 2 | C46: Coming on bench in 4 week(s) | D46: 0.9191 | E46: 0.93825 | F46: 1.1489 | G46: 0.9191 | H46: 0.9191 | I46: 0.9191 | J46: 0.9191 | K46: 0.9191 | L46: 0.9191 | M46: 0.9191 | N46: Jan 2026 - Oct 2026 Client E 20% Jan - Mar 2026 - Client C 80% | O46: Singaporean | P46: Azure ML Developer | Q46: Azure ML, Azure Services, Python, Git | R46: Agentic AI, CI/CD on gitlab, Unit Tests | S46: AI Engineer | T46: Client C - Platform C1 - Implementation Release 2 and 3 - ENG-014 HOUSING & DEVELOPMENT BOARD - Client E System E1 Support - ENG-005 | U46: Masked Person 61
A47: Masked Person 55 | B47: Manager 3 | C47: Coming on bench in 8 week(s) | D47: 0.621818 | E47: 0.41454533 | F47: 0.621818 | G47: 0.621818 | H47: 0.621818 | I47: 0.621818 | J47: 0.621818 | K47: 0.621818 | L47: 0.621818 | M47: 0.621818 | N47: Jan - Aug 2026 - Platform C1 100% | O47: PR | P47: Technical Lead | Q47: AWS, Azure, Hadoop, Cloudera, Azure Synapse Analytics | R47: Microsoft SQL Server, Java, Visual Basic, Git, PySpark | S47: - | T47: Client C - Platform C1 - Implementation Release 2 and 3 - ENG-014 | U47: Masked Person 61
A48: Masked Person 57 | B48: Manager 3 | C48: Coming on bench in 4 week(s) | D48: 0.55486133 | E48: 0.27743067 | F48: 0.979167 | G48: 0.979167 | H48: 0.979167 | I48: 0.979167 | J48: 0.391667 | K48: 0 | L48: 0 | M48: 0 | N48: Jan - Dec 2026 - Client K | O48: EP | P48: Project Manager for transformation to Onstream for financial accounting of Client K | Q48: SAP, Tricentis and HP project management tools | R48: Onestream, Outsystems, LoadRunner, Katalon | S48: Data Governance | T48: Client K XP&A_CNS_FY26 - ENG-015
A49: Masked Person 59 | B49: Staff/Assistant 2 | C49: Coming on bench in 4 week(s) | D49: 0.56666667 | E49: 0.28333333 | F49: 1 | G49: 1 | H49: 1 | I49: 1 | J49: 0.4 | K49: 0 | L49: 0 | M49: 0 | N49: Jan - Dec 2026 - Client A 100% | O49: LTVP (Indian) | P49: Data Engineer | Q49: PySpark, Azure Data Factory | R49: Azure Cloud, SQL | S49: Data Engineer | T49: Client A - Platform A1 (GovCloud) - ENG-017 | U49: Masked Person 1
A50: Masked Person 60 | B50: Senior 3 | C50: Coming on bench in 4 week(s) | D50: 0.59130517 | E50: 0.29565258 | F50: 1.04348 | G50: 1.04348 | H50: 1.04348 | I50: 1.04348 | J50: 0.417391 | K50: 0 | L50: 0 | M50: 0 | N50: Jan 2026 - Apr 2026 Client C 100% | O50: EP | P50: Technical Lead | Q50: Python, Java, Kotlin, JavaScript, TypeScript, Docker, SQL, No SQL Fullstack Development with React FEs, Backend with Python, Node, Java, etc. Android Application Development with Kotlin & Java. Android Native with C++ Cloud: Azure AI/ML: Pytorch, and pytorch based python libraries like OpenMMLabs, ultralytics etc. AI on Edge (Android, OnPrem: TensorRT) LLM: Ollama, Langchain, LangGraph, etc. Containerization and Orchestration: Docker, Kubernetes | R50: Cloud: AWS Data Engineering: PySpark, Synapse Analytics, Snowflake, Data Bricks IAC: Terraform | S50: AI Solution Architect | T50: Client C - Platform C1 - Implementation Release 2 and 3 - ENG-014 | U50: Masked Person 61
A51: Masked Person 61 | B51: Senior Manager 3 | C51: Benching for 9 week(s) | D51: 0 | E51: 0 | F51: 0 | G51: 0 | H51: 0 | I51: 0 | J51: 0 | K51: 0 | L51: 0 | M51: 0 | N51: Platform C1 | O51: EP | Q51: Project Management, Data Modeling, Data Governance, Pre-sales solution | R51: Solution Architecture | S51: Data Practice management | T51: Client C - Platform C1 - Implementation Release 2 and 3 - ENG-014 | U51: Masked Person 61
A52: Masked Person 62 | B52: Intern (CS) 1 | C52: Coming on bench in 8 week(s) | D52: 1.04255 | E52: 0.69503333 | F52: 1.04255 | G52: 1.04255 | H52: 1.04255 | I52: 1.04255 | J52: 1.04255 | K52: 1.04255 | L52: 1.04255 | M52: 1.04255 | N52: Jan - July 2026 - Client C Internship until 31 July | O52: EP | Q52: Python, SQL, PowerBI | R52: Java, Azure, Github | S52: Data Analyst | T52: Client C - Platform C1 - Implementation Release 2 and 3 - ENG-014 | U52: Masked Person 61
A53: Masked Person 63 | B53: Staff/Assistant 2 | C53: Coming on bench in 4 week(s) | D53: 1.02042 | E53: 1.0204108 | F53: 1.02031 | G53: 1.02042 | H53: 1.02042 | I53: 1.02042 | J53: 1.02042 | K53: 1.02042 | L53: 1.02042 | M53: 1.02042 | N53: Jan - Dec 2026 Client B 100% | O53: Singaporean | P53: Data Engineer | Q53: SQL (MSSQL, Postgres), SAS, Linux, Tableau, Metabase, SAS, Microsoft Office, Google Suite | R53: Neo4j, Python, Neo4j (console, browser, Bloom), VS Studio, Github, Confluence, Figma, Canva, JIRA | S53: Data Engineer | T53: Client B - System B1 Maintenance & Support YR 2 to 5 - ENG-006 | U53: Masked Person 11
A54: Masked Person 64 | B54: Intern (CS) 1 | C54: Benching for 1 week(s) | D54: 0 | E54: 0 | F54: 0 | G54: 0 | H54: 0 | I54: 0 | J54: 0 | K54: 0 | L54: 0 | M54: 0 | N54: Internship until 11 Dec | Q54: Java, Python, TypeScript, React Native, PostgreSQL | R54: AI, Deep Learning, Data Modelling, Machine Learning | S54: GenAI/AI Engineer, AI Analytics
A55: Masked Person 66 | B55: Intern (CS) 1 | C55: Coming on bench in 4 week(s) | D55: 0.734583 | E55: 0.55093725 | F55: 0.734375 | G55: 0.734583 | H55: 0.734583 | I55: 0.734583 | J55: 0.734583 | K55: 0.734583 | L55: 0.734583 | M55: 0.734583 | N55: Mar - Aug 2026 - Client G Internship until 7 Aug | O55: EP | P55: RFPs creation, Product Mgmt, Documentation | Q55: Python, C++, HTML, CSS, Javascript, NodeJS, ExpressJS | R55: Claude Code, codex, SQL, R | S55: Data Scientist / Business Analyst / Management consultant | T55: Client G S/4HANA Implementation - ENG-016 | U55: Masked Person 37
A56: Masked Person 67 | B56: Intern (CS) 1 | C56: Benching for 1 week(s) | D56: 0 | E56: 0 | F56: 0 | G56: 0 | H56: 0 | I56: 0 | J56: 0 | K56: 0 | L56: 0 | M56: 0 | N56: May 2026 - Apr 2027 - Client A 100% Internship until April 2027 | P56: Data Engineer | Q56: Python, MySQL, Microsoft Azure | R56: Linux, AWS, Docker, ML (Scikit-learn, Pandas) | S56: Data Scientist/AI Engineer | T56: Client A - Platform A1 (GovCloud) - ENG-017 | U56: Masked Person 1
A57: Masked Person 68 | B57: Manager 2 | C57: Coming on bench in 4 week(s) | D57: 0.8 | E57: 0.8 | F57: 0.8 | G57: 0.8 | H57: 0.8 | I57: 0.8 | J57: 0.8 | K57: 0.8 | L57: 0.8 | M57: 0.8 | N57: 100% allocated across Client C, Client B, Client AH, Client AI, Client AJ | O57: PR (Chinese) | P57: Senior AI Developer, Data Quality Manager | Q57: Python, C++, VS Code, VS, OPENAI LIB, AI Agent, PyTorch, Computer Vision | R57: Devops ( On premise) | S57: Cloud Platforms, MLOps | T57: Consulting - Authorised Project [Proposal/Admin] - ENG-001
A58: Masked Person 69 | B58: Manager 3 | C58: Coming on bench in 4 week(s) | D58: 0.5 | E58: 0.5 | F58: 0.5 | G58: 0.5 | H58: 0.5 | I58: 0.5 | J58: 0.5 | K58: 0.5 | L58: 0.5 | M58: 0.5 | N58: 100% allocated across Client C, Client B, Client A | O58: EP | P58: Architect | Q58: Infra, Cloud Infra, GovCloud | R58: DBA | S58: Enterprise Architect | T58: Client C - Platform C1 - Implementation Release 2 and 3 - ENG-014 Client A - Platform A1 (GovCloud) - ENG-017 Client B - System B1 SAS Upgrade - 3.5 - ENG-010
A59: Masked Person 70 | B59: Staff/Assistant 2 | C59: Benching for 5 week(s) | D59: 0 | E59: 0 | F59: 0 | G59: 0 | H59: 0 | I59: 0 | J59: 0 | K59: 0 | L59: 0 | M59: 0 | P59: AI Engineer (Former employer 1) | Q59: Agentic AI, Multi‑Agent Orchestration, Autonomous Reasoning (ReAct, Planning, Reflection), LLMs, RAG, MCP, Python, LangChain | R59: LLMOps (Docker, GCP), LangGraph, LangSmith, CI/CD (GitHub Actions), FastAPI, Vector Databases (Pinecone, Chroma, Supabase) | S59: GenAI Engineer / AI Architect
A60: Masked Person 71 | B60: Intern (CS) 1 | C60: Coming on bench in 1 week(s) | D60: 0.18513833 | E60: 0.092569167 | F60: 1.11146 | G60: 1.11083 | H60: 0 | I60: 0 | J60: 0 | K60: 0 | L60: 0 | M60: 0 | N60: Jan - June 2026 - Client A Internship until 12 June | O60: EP | T60: Client A - Platform A1 (GovCloud) - ENG-017 | U60: Masked Person 1
A61: Masked Person 72 | B61: Staff/Assistant 2 | C61: Coming on bench in 4 week(s) | D61: 1 | E61: 1 | F61: 1.25 | G61: 1 | H61: 1 | I61: 1 | J61: 1 | K61: 1 | L61: 1 | M61: 1 | N61: Dec 2025 - end 2026 Client A100% | O61: EP | P61: Data Engineer | Q61: Azure, Anaplan, Python, Pyspark, SQL | R61: Databricks, Java, C++ | S61: AI engineer | T61: Client A - Platform A1 (GovCloud) - ENG-017 | U61: Masked Person 1
A62: Masked Person 73 | B62: Senior 1 | C62: Coming on bench in 4 week(s) | D62: 1 | E62: 1 | F62: 1 | G62: 1 | H62: 1 | I62: 1 | J62: 1 | K62: 1 | L62: 1 | M62: 1 | N62: Jan - Dec 2026 - Client D 100% | O62: PR | P62: Infra engineer/Data engineer | Q62: AWS, Linux, SAS, SQL | R62: Git, Terraform, Jenkins, Ansible, Kubernetes, Databricks, Agentic AI | S62: DevOps Engineer | T62: Client D - Platform D1 GovCloud Migration - M&S - ENG-008 | U62: Masked Person 11
A63: Masked Person 74 | B63: Intern (CS) 1 | C63: Benching for 11 week(s) | D63: 0 | E63: 0 | F63: 0 | G63: 0 | H63: 0 | I63: 0 | J63: 0 | K63: 0 | L63: 0 | M63: 0 | N63: Jan - June 2026 - Client C Internship until 26 June | O63: Singaporean | P63: Platform C1 project | Q63: Python, SQL (MySQL, pgSQL), Azure | R63: AWS, React, Typescript, Javascript | S63: Data Analyst/Engineer | T63: Client C - Platform C1 - Implementation Release 2 and 3 - ENG-014 | U63: Masked Person 61
A64: Masked Person 75 | B64: Intern (CS) 1 | C64: Coming on bench in 2 week(s) | D64: 0.33333333 | E64: 0.16666667 | F64: 1 | G64: 1 | H64: 1 | I64: 0 | J64: 0 | K64: 0 | L64: 0 | M64: 0 | N64: Jan - June 2026 - Client C 100% Internship until 19 June | O64: EP | P64: Data/Business analyst | Q64: python, sql, excel, power bi | R64: java, javascript | S64: Data Analyst / Data Engineer | T64: Client C - Platform C1 Project C3 - ENG-011 Client O-Data Discovery for Waste Management - ENG-018
A65: Masked Person 76 | B65: Staff/Assistant 1 | C65: Coming on bench in 3 week(s) | D65: 0.528125 | E65: 0.2640625 | F65: 1.05625 | G65: 1.05625 | H65: 1.05625 | I65: 1.05625 | J65: 0 | K65: 0 | L65: 0 | M65: 0 | N65: Jan 2026 - Jul 2026 Client A 100% | O65: Singaporean | P65: data engineer in GovCloud Platform A1 project | Q65: Microsoft Azure, Python / Spark/ SQL | R65: R, Power Bi, Tableau | T65: Client A - Platform A1 in GovCloud - ENG-004
A66: Masked Person 77 | B66: Senior 1 | C66: Coming on bench in 4 week(s) | D66: 1 | E66: 1 | F66: 1 | G66: 1 | H66: 1 | I66: 1 | J66: 1 | K66: 1 | L66: 1 | M66: 1 | N66: Jan - Dec 2026 - Client B 100% | O66: Singaporean | Q66: Maintenance and support. Data analysis | R66: Data Governance and Data Engineering | S66: Data Engineer | T66: Client B - System B1 SAS Upgrade - 3.5 - ENG-010 | U66: Masked Person 11
A67: Masked Person 78 | B67: Staff/Assistant 1 | C67: Coming on bench in 4 week(s) | D67: 1 | E67: 0.85416667 | F67: 1.25 | G67: 1 | H67: 1 | I67: 1 | J67: 1 | K67: 1 | L67: 1 | M67: 1 | N67: Jan 2026 - June 2027 Client A 100% | O67: Singaporean | P67: Data Engineer | Q67: Azure, Python, SQL, MySQL, Terraform | R67: Q, Power BI, React, DAX, Snowflake | S67: Data Scientist / AI - ML Engineer | T67: Client A - Platform A1 in GovCloud - ENG-004
A68: Masked Person 79 | B68: Senior 3 | C68: Coming on bench in 4 week(s) | D68: 1 | E68: 1 | F68: 1 | G68: 1 | H68: 1 | I68: 1 | J68: 1 | K68: 1 | L68: 1 | M68: 1 | N68: Jan 2026 - Dec Client A 100% | O68: Singaporean | P68: ETL Lead, Assistant App Lead | Q68: PySpark, Python, Azure Data Factory, Synapse, Azure DevOps, SQL | R68: Power BI, Neo4j, SAS EG | S68: Data Engineer Lead, Would also like to learn some AI Skills | T68: Client A - Platform A1 (GovCloud) - ENG-017 | U68: Masked Person 1
A69: Masked Person 80 | B69: Staff/Assistant 1 | C69: Coming on bench in 4 week(s) | D69: 0.86666667 | E69: 0.93333333 | F69: 1.25 | G69: 0.2 | H69: 1 | I69: 1 | J69: 1 | K69: 1 | L69: 1 | M69: 1 | N69: Jan - April 2027 - Client A 100% | O69: Singaporean | P69: Data Engineer | Q69: Python, Java, SQL, HTML, C++, Pytorch, Scikit-Learn | R69: Microsoft Purview, Microsoft Azure, Microsoft Fabric | S69: Data Scientist | T69: Client A - Platform A1 Maintenance Phase 1 &2 - ENG-003 Client A - Platform A1 in GovCloud - ENG-004 | U69: Masked Person 1
A70: Masked Person 81 | B70: Staff/Assistant 1 | C70: Coming on bench in 4 week(s) | D70: 1 | E70: 1 | F70: 1 | G70: 1 | H70: 1 | I70: 1 | J70: 1 | K70: 1 | L70: 1 | M70: 1 | N70: Jan 2026 - Dec 2026 Client B 100% | O70: Singaporean | Q70: Data Engineer / Analyst | R70: Data Governance | S70: Data Scientist / Analyst | T70: Client B - System B1 - Maintenance and Support - ENG-002
A71: Masked Person 82 | B71: Manager 2 | C71: Benching for 5 week(s) | D71: 0 | E71: 0 | F71: 0 | G71: 0 | H71: 0 | I71: 0 | J71: 0 | K71: 0 | L71: 0 | M71: 0 | N71: May 2026 - Client J 40% | O71: EP | P71: Data Analyst, BI Developer | Q71: Python, Power BI, Copilot Studio, R, SQL | R71: Azure Foundry | S71: Data Scientist/AI Engineer | T71: Client J Construction Analytics & AI MVP | U71: Masked Person 29
A72: Masked Person 83 | B72: Manager 2 | C72: Coming on bench in 4 week(s) | D72: 0.56666667 | E72: 0.28333333 | F72: 1.4375 | G72: 1 | H72: 1 | I72: 1 | J72: 0.4 | K72: 0 | L72: 0 | M72: 0 | N72: Jan - June 2026 Client F 100% | O72: EP | Q72: AI & Data Platform Engineering (Hybrid Cloud, Data Integration, GenAI Enablement) | R72: Solution Design & Cloud Engineering | S72: AI/Data/Cloud Platform Architect | T72: Client F - Project F1 - ENG-021 | U72: Masked Person 29
A73: Masked Person 84 | B73: Intern (CS) 1 | C73: Coming on bench in 4 week(s) | D73: 0.56666667 | E73: 0.28333333 | F73: 1 | G73: 1 | H73: 1 | I73: 1 | J73: 0.4 | K73: 0 | L73: 0 | M73: 0 | N73: Jan - June 2026 - Client C Internship until 30 June | O73: EP | P73: Project support | Q73: Python | R73: Azure Machine Learning | S73: Data Analyst | T73: Client C - Platform C1 - Implementation Release 2 and 3 - ENG-014 HOUSING & DEVELOPMENT BOARD - Client E System E1 Support - ENG-005 | U73: Masked Person 61
A74: Masked Person 85 | B74: Intern (CS) 1 | C74: Coming on bench in 4 week(s) | D74: 1 | E74: 0.66666667 | F74: 1 | G74: 1 | H74: 1 | I74: 1 | J74: 1 | K74: 1 | L74: 1 | M74: 1 | N74: Tentative Client A | O74: EP | P74: Data Engineer (Client A Phase 3) | Q74: Azure Synapse Workspace, Python, SQL | R74: Azure Devops | S74: Data Scientist | T74: Client A - Platform A1 in GovCloud - ENG-004
A75: Masked Person 86 | B75: Intern (CS) 1 | C75: Coming on bench in 3 week(s) | D75: 0.5 | E75: 0.25 | F75: 1 | G75: 1 | H75: 1 | I75: 1 | J75: 0 | K75: 0 | L75: 0 | M75: 0 | N75: Client B - 100% Internship until 26 June | O75: Singaporean | Q75: Machine Learning, Data Analytics | R75: Data Visualisation | S75: Data Scientist / Analyst | T75: Client B - System B1 - Maintenance and Support - ENG-002 | U75: Masked Person 11
A76: Masked Person 87 | B76: Staff/Assistant 1 | C76: Coming on bench in 4 week(s) | D76: 1 | E76: 1 | F76: 1 | G76: 1 | H76: 1 | I76: 1 | J76: 1 | K76: 1 | L76: 1 | M76: 1 | N76: Jan - Dec 2026 Client A 100% | O76: EP | P76: Data Engineer | Q76: Python | R76: C++ | S76: - | T76: Client A - Platform A1 (GovCloud) - ENG-017 | U76: Masked Person 1
A77: Masked Person 88 | B77: Senior 1 | C77: Coming on bench in 1 week(s) | D77: 0.16666667 | E77: 0.083333333 | F77: 1.25 | G77: 1 | H77: 0 | I77: 0 | J77: 0 | K77: 0 | L77: 0 | M77: 0 | N77: Jan 2026 - June 2027 Client A 100% | O77: Singaporean | P77: Data Platform Engineer, MLOps Engineer | Q77: Azure, Cloudera, Python, SQL, Shell, PySpark, Hive, HDFS, Kedro, MLflow, FastAPI | R77: SAS, R, Java, Git, Docker, Kubernetes, SonarQube, Fortify, Mend, Power BI, Streamlit, Splunk, Jira | S77: AI/ML Engineer | T77: Client A - Platform A1 Maintenance Phase 1 &2 - ENG-003 | U77: Masked Person 13
A78: Masked Person 89 | B78: Intern (CS) 1 | C78: Coming on bench in 3 week(s) | D78: 0.4808335 | E78: 0.24041675 | F78: 0.961458 | G78: 0.961667 | H78: 0.961667 | I78: 0.961667 | J78: 0 | K78: 0 | L78: 0 | M78: 0 | N78: Jan - June 2026 - Client A Internship until 26 June | O78: Singaporean | P78: Client A Platform A1 | Q78: Python, SQL, R, Java, Spark, Git, PowerBI | R78: Azure, Hadoop, Docker | S78: Data Scientist | T78: Client A - Platform A1 (GovCloud) - ENG-017 | U78: Masked Person 1
A79: Masked Person 90 | B79: Intern (CS) 1 | C79: Benching for 2 week(s) | D79: 0 | E79: 0 | F79: 0 | G79: 0 | H79: 0 | I79: 0 | J79: 0 | K79: 0 | L79: 0 | M79: 0 | N79: Client L Internship until Dec 2026
A80: Masked Person 91 | B80: Staff/Assistant 1 | C80: Coming on bench in 4 week(s) | D80: 0.56666667 | E80: 0.28333333 | F80: 1 | G80: 1 | H80: 1 | I80: 1 | J80: 0.4 | K80: 0 | L80: 0 | M80: 0 | N80: May 2026 - Apr 2027 Client M 100% | O80: Singaporean | P80: Enterprise Performance Management (EPM) System consultant/ Data engineer | Q80: Python, SQL | R80: Tagetik | S80: - | T80: Client N - Project N1 - ENG-012 | U80: Masked Person 21?
A81: Masked Person 92 | B81: Staff/Assistant 1 | C81: Coming on bench in 4 week(s) | D81: 1 | E81: 1 | F81: 1.21875 | G81: 1 | H81: 1 | I81: 1 | J81: 1 | K81: 1 | L81: 1 | M81: 1 | N81: Mar - May 2026 - Client G 50% June - Dec 2026 - Client A 100% | O81: Singaporean | P81: Data Analyst, AI Developer (Client G) | Q81: Python, PySpark, SQL, C#, ML workflows, Scikit-learn, NLP, Azure Doc Intelligence | R81: Java, C++, Ruby | S81: Cloud Architecture, AI Development, AI Strategy | T81: Client G S/4HANA Implementation - ENG-016 | U81: Masked Person 37
A82: Masked Person 93 | B82: Intern (CS) 1 | C82: Coming on bench in 26 week(s) | D82: 1.02759 | E82: 1.02759 | F82: 1.02759 | G82: 1.02759 | H82: 1.02759 | I82: 1.02759 | J82: 1.02759 | K82: 1.02759 | L82: 1.02759 | M82: 1.02759 | N82: May - Dec 2026 - Client A 100% Internship until Dec 2026 | P82: Machine Learning Developer | Q82: Python, C, C++, Assembly Language | R82: SQL, MySQL, Power BI | S82: AI | T82: Client A - Platform A1 (GovCloud) - ENG-017 | U82: Masked Person 1
A83: Masked Person 94 | B83: Intern (CS) 1 | C83: Coming on bench in 4 week(s) | D83: 0.56666667 | E83: 0.28333333 | F83: 1 | G83: 1 | H83: 1 | I83: 1 | J83: 0.4 | K83: 0 | L83: 0 | M83: 0 | N83: Mar - June 2026 Client F 100% Internship until 30 June | O83: EP | P83: UAT tester | Q83: Python | R83: R / SQL | T83: Client F - Project F1 - ENG-021 | U83: Masked Person 29
A84: Masked Person 95 | B84: Senior 1 | C84: Coming on bench in 4 week(s) | D84: 1 | E84: 1 | F84: 1 | G84: 1 | H84: 1 | I84: 1 | J84: 1 | K84: 1 | L84: 1 | M84: 1 | N84: Jan 2026 - Dec 2026 Client B 100% | O84: PR | P84: Maintenance and support lead | Q84: SAS, Postman, Alicloud, Microsoft Azure, MySql, Linux | R84: Python, Java, C++, HTML, CSS, Databricks | S84: AI Engineer | T84: Client B - System B1 Maintenance & Support YR 2 to 5 - ENG-006 | U84: Masked Person 11
A85: Masked Person 96 | B85: Manager 2 | C85: Coming on bench in 4 week(s) | D85: 1 | E85: 0.66666667 | F85: 1 | G85: 1 | H85: 1 | I85: 1 | J85: 1 | K85: 1 | L85: 1 | M85: 1 | N85: Jan 2026 - Jul 2026 Client A 100% | O85: PR | P85: data scientist/ scrum master and project manager | Q85: cloud platform such as Azure | R85: Python/pyspark | T85: Client A - Platform A1 Maintenance Phase 1 &2 - ENG-003 Client A - Platform A1 in GovCloud - ENG-004 | U85: Masked Person 13
A86: Masked Person 71 | B86: Intern (CS) 1 | C86: Coming on bench in 0 week(s) | D86: 0 | E86: 0 | F86: 0 | G86: 0 | H86: 0 | I86: 0 | J86: 0 | K86: 0 | L86: 0 | M86: 0 | N86: Jan - June 2026 - Client A 100% Internship until 12 June | O86: EP | T86: Client A - Platform A1 (GovCloud) - ENG-017 | U86: Masked Person 1
A87: Masked Person 84 | B87: Intern (CS) 1 | C87: Coming on bench in 0 week(s) | D87: 0 | E87: 0 | F87: 0.4 | G87: 0 | H87: 0 | I87: 0 | J87: 0 | K87: 0 | L87: 0 | M87: 0 | N87: Jan - June 2026 - Client C Internship until 30 June | O87: EP | P87: Project support | Q87: Python | R87: Azure Machine Learning | S87: Data Analyst | T87: Client C - Platform C1 - Implementation Release 2 and 3 - ENG-014 HOUSING & DEVELOPMENT BOARD - Client E System E1 Support - ENG-005 | U87: Masked Person 61
A88: Masked Person 94 | B88: Intern (CS) 1 | C88: Coming on bench in 0 week(s) | D88: 0 | E88: 0 | F88: 0.4 | G88: 0 | H88: 0 | I88: 0 | J88: 0 | K88: 0 | L88: 0 | M88: 0 | N88: Mar - June 2026 Client F 100% Internship until 30 June | O88: EP | P88: UAT tester | Q88: Python | R88: R / SQL | T88: Client F - Project F1 - ENG-021 | U88: Masked Person 29
A89: Masked Person 82 | B89: Manager 2 | C89: Coming on bench in 0 week(s) | D89: 0 | E89: 0 | F89: 0 | G89: 0 | H89: 0 | I89: 0 | J89: 0 | K89: 0 | L89: 0 | M89: 0 | N89: May 2026 - Client J 40% Resigned as of 3rd July | O89: EP | P89: Data Analyst, BI Developer | Q89: Python, Power BI, Copilot Studio, R, SQL | R89: Azure Foundry | S89: Data Scientist/AI Engineer | T89: Client J Construction Analytics & AI MVP | U89: Masked Person 29
A90: Masked Person 43 | B90: Senior 2 | C90: Coming on bench in 9 week(s) | D90: 1.02326 | E90: 0.73333608 | F90: 1.02326 | G90: 1.02326 | H90: 1.02326 | I90: 1.02326 | J90: 1.02326 | K90: 1.02326 | L90: 1.02326 | M90: 1.02326 | N90: Resigned and left the organization | O90: 0 | P90: 0 | Q90: 0 | R90: 0 | U90: PR | V90: Data Engineer | W90: Excel, Synapse, SSMS, SQL, Pyspark, PowerBI | X90: Azure Data Factory | Y90: {=_xlfn.TEXTJOIN(", ",TRUE,_xlfn._xlws.FILTER(Master!$AB$1:$AI$1,$Z90:$AG90="Yes"))} | Z90: Yes | AG90: Yes | AH90: Business Analyst | AI90: Client C - Platform C1 - Implementation Release 2 and 3 - ENG-014 | AJ90: Masked Person 61
A91: Masked Person 14 | B91: Senior 3 | C91: Benching for 4 week(s) | D91: 0 | E91: 0 | F91: 0 | G91: 0 | H91: 0 | I91: 0 | J91: 0 | K91: 0 | L91: 0 | M91: 0 | N91: Resigned and left the organization | O91: =IF($F91>=100%,"NA",IF(F91=0%,"Bench","Partial Bench")) | V91: EP
A92: Masked Person 2 | B92: Intern (CS) 1 | C92: AI and Data | D92: Benching for 1 week(s) | E92: 0 | F92: 0 | G92: 0 | H92: 0 | I92: 0 | J92: 0 | K92: 0 | L92: 0 | M92: 0 | N92: May - Aug 2027 Client G May - Aug 2026 - Client G 100% Internship until 7 Aug | O92: =IF($F92>=100%,"NA",IF(F92=0%,"Bench","Partial Bench")) | P92: 0 | Q92: 0 | R92: 0 | S92: 0 | T92: 100% | U92: 46211 | V92: Singaporean | W92: Tech Consultant | X92: Python, MySQL, C++, Javascript, Typescript | Y92: Python PyTorch, Scikit-learn, SHAP, Model Optimization, Feature Engineering | Z92: {=_xlfn.TEXTJOIN(", ",TRUE,_xlfn._xlws.FILTER(Master!$AB$1:$AI$1,$AA92:$AH92="Yes"))} | AA92: Yes | AC92: Yes | AD92: Yes | AI92: AI/ML Ops Software Developer / AI Engineer | AJ92: Client G S/4HANA Implementation - ENG-016 | AK92: Masked Person 37
A93: Masked Person 85 | B93: Intern (CS) 1 | C93: AI and Data | D93: Benching for 2 week(s) | E93: 0 | F93: 0 | G93: 0 | H93: 0 | I93: 0 | J93: 0 | K93: 0 | L93: 0 | M93: 0 | N93: From Mid June: Ad-hoc support on Client Z Tender Clarifications, Client U AI Immersion Presentation, Alliance org slides, Client R Strawman, CV Mapping Internship until 7 Aug | O93: =IF($F93>=100%,"NA",IF(F93=0%,"Bench","Partial Bench")) | P93: 0 | Q93: 1 | R93: 1 | S93: 1 | V93: EP | W93: Data Engineer (Client A Phase 3) | X93: Azure Synapse Workspace, Python, SQL | Y93: Azure Devops | Z93: {=_xlfn.TEXTJOIN(", ",TRUE,_xlfn._xlws.FILTER(Master!$AB$1:$AI$1,$AA93:$AH93="Yes"))} | AA93: Yes | AG93: Yes | AH93: Yes | AI93: Data Scientist | AJ93: From 3 Aug: Proposals/ BD- Ad-hoc Support on Client R Client study, CV Mapping 15 June to 17 July: Proposals/ BD- Client R AI Governance Proposal, Client Z Tender Clarifications, Alliance Deck, Client V, Client W, Client L Client A - Platform A1 in GovCloud - ENG-004 | AK93: Masked Person 16
A94: Masked Person 50 | B94: Senior 3 | C94: Benching for 7 week(s) | D94: 0 | E94: 0 | F94: 0 | G94: 0 | H94: 0 | I94: 0 | J94: 0 | K94: 0 | L94: 0 | M94: 0 | N94: Resigned & last day is 26Aug2026 On bench, admin code, helping with BD | O94: =IF($F94>=100%,"NA",IF(F94=0%,"Bench","Partial Bench")) | P94: 1 | Q94: - | R94: - | S94: - | T94: - | U94: 46265 | V94: EP | W94: Data Platform & MLOps Engineer | X94: Cloud & Platforms, DevOps & IaC, Monitoring & Ops, Enterprise Platforms, Azure / Windows / Linux / DevOps | Y94: Data Platforms, Networking & Security, Automation & Scripting, Storage, AWS / Docker / Kubernetes / Terraform /Powershell | Z94: {=_xlfn.TEXTJOIN(", ",TRUE,_xlfn._xlws.FILTER(Master!$AB$1:$AI$1,$AA94:$AH94="Yes"))} | AF94: Yes | AH94: Yes | AI94: Azure Engineering | AJ94: Client G S/4HANA Implementation - ENG-016 | AK94: Masked Person 37
A95: Masked Person 47 | B95: Staff/Assistant 2 | C95: #N/A | D95: #N/A | E95: #N/A | F95: #N/A | G95: #N/A | H95: #N/A | I95: #N/A | J95: #N/A | K95: #N/A | L95: #N/A | M95: #N/A | N95: Jan 2026 - Oct 2026 Client E 100% | O95: =IF($F95>=100%,"NA",IF(F95=0%,"Bench","Partial Bench")) | P95: 0 | Q95: 0 | R95: 0 | S95: 1 | V95: EP | W95: Data Scientist | X95: Python, SQL, R, Git, Github, Azure, Databricks, Docker, Databases (MySQL,, MongoDB, PostgreSQL, Snowflake), Power BI, Microsoft Fabric, Scikit Learn | Y95: Spark (PySpark, Spark SQL), SQL Server, Tableau, Google Looker, PyTorch | Z95: {=_xlfn.TEXTJOIN(", ",TRUE,_xlfn._xlws.FILTER(Master!$AB$1:$AI$1,$AA95:$AH95="Yes"))} | AA95: Yes | AC95: Yes | AD95: Yes | AI95: Data Engineer, Big Data | AJ95: HOUSING & DEVELOPMENT BOARD - Client E System E1 Support - ENG-005 | AK95: Masked Person 13
A97: Client B | B97: Masked Person 85 Masked Person 86 - End June 2026 Masked Person 7 - End Aug 2026
A98: Client F | B98: Masked Person 83 Masked Person 5, Masked Person 94 Masked Person 38 Masked Person 39 Masked Person 34 Masked Person 35 | C98: May | D98: Masked Person 64
A99: Client A | B99: Masked Person 76 - end July Masked Person 88 - end June Masked Person 89 - end June Masked Person 71 - end June Masked Person 67 Masked Person 59 - End Dec Masked Person 14 - end May Masked Person 36 - end June Masked Person 9 - end June
A100: Client C | B100: Masked Person 84 - end June Masked Person 75 - end Jun

Sheet Summary - FY26 Utilization
B1: FY | C1: Utilization category | D1: No of resources | E1: Pecentage
B2: FY26 | C2: 100% Chargeability | D2: 15 | E2: =D2/D6
C3: >90% Chargeability | D3: 17 | E3: =D3/D6
C4: 70-90% Chargeability | D4: 14 | E4: =D4/D6
C5: < 70% Chergeability | D5: 18 | E5: =D5/D6
D6: =SUM(D2:D5)

Sheet Agenda
A1: S/No | B1: Agenda
A2: 1 | B2: FY26 YTD utilization
A3: 2 | B3: FY27 3 weeks Utilization
A4: 3 | B4: next 6 Months utilization forecast
A5: 4 | B5: Resource management challenges & proposed solution
C6: =34/64

Sheet FY26-YTD Utilization
A1: ResourceName | B1: Current Grade Order & Description | C1: Counselor Name | D1: YTD Effective Utilisation | E1: Justification | F1: Column1
A2: Masked Person 23 | B2: Intern (CS) 1 | C2: - | D2: 0 | E2: Helped with BD | G2: Legend
A3: Masked Person 44 | B3: Intern (CS) 1 | C3: - | D3: 0 | E3: Says was 100% charged | G3: Supported on BD
A4: Masked Person 90 | B4: Intern (CS) 1 | C4: - | D4: 0 | E4: My internship started from May 2026 | G4: On bench
A5: Masked Person 32 | B5: Staff/Assistant 1 | C5: Masked Person 11 | D5: 0.18831169 | E5: Helping with BD Helping Platform C1 with no charge code for 3+ months | G5: Discrepancy in charging / EM asked to charge to Admin code
A6: Masked Person 66 | B6: Intern (CS) 1 | C6: Masked Person 37 | D6: 0.25316456 | E6: Says was 100% charged
A7: Masked Person 62 | B7: Intern (CS) 1 | C7: Masked Person 61 | D7: 0.40740741 | E7: Says was 100% charged
A8: Masked Person 70 | B8: Staff/Assistant 2 | C8: Masked Person 16 | D8: 0.41208791
A9: Masked Person 92 | B9: Staff/Assistant 1 | C9: - | D9: 0.46630728 | E9: pending clearance and was helping with BD
A10: Masked Person 68 | B10: Manager 2 | C10: Masked Person 42 | D10: 0.51330645 | E10: I just joined the Firm in Nov 2025. At the first few weeks, I was supporting BD
A11: Masked Person 38 | B11: Staff/Assistant 2 | C11: Masked Person 29 | D11: 0.51601423 | E11: Helping with BD
A12: Masked Person 12 | B12: Senior 2 | C12: Masked Person 29 | D12: 0.55633224 | E12: pending clearance for the next project and helping with BD
A13: Masked Person 6 | B13: Senior 3 | C13: - | D13: 0.61363636 | E13: Pending new project to start and was supporting BD.
A14: Masked Person 39 | B14: Senior 1 | C14: Masked Person 42 | D14: 0.62269373 | E14: joined the Firm in Nov 2025
A15: Masked Person 5 | B15: Senior 1 | C15: Masked Person 69 | D15: 0.64864865 | E15: Pending transition
A16: Masked Person 50 | B16: Senior 3 | C16: Masked Person 11 | D16: 0.66109589 | E16: Was on bench for rest of the percentage
A17: Masked Person 18 | B17: Staff/Assistant 2 | C17: Masked Person 42 | D17: 0.66710069 | E17: Project ended and charged only 50% for another, helped with BD still
A18: Masked Person 67 | B18: Intern (CS) 1 | C18: Masked Person 1 | D18: 0.68888889
A19: Masked Person 55 | B19: Manager 3 | C19: Masked Person 24 | D19: 0.69230769 | E19: working on the Client C project full-time, but I charged my time based on my manager's (masked.person13@example.com) advice
A20: Masked Person 83 | B20: Manager 2 | C20: Masked Person 29 | D20: 0.70866142
A21: Masked Person 27 | B21: Manager 3 | C21: Masked Person 24 | D21: 0.75112108 | E21: Project C2 BD
A22: Masked Person 25 | B22: Manager 1 | C22: Masked Person 29 | D22: 0.77990431 | E22: Just joined in jan 2026 and pending clearance.
A23: Masked Person 78 | B23: Staff/Assistant 1 | C23: Masked Person 37 | D23: 0.79313929 | E23: Was on bench and helped with BD before starting project
A24: Masked Person 85 | B24: Intern (CS) 1 | C24: Masked Person 11 | D24: 0.80314961 | E24: Supporting Client A and BD
A25: Masked Person 4 | B25: Senior 1 | D25: 0.80391061
A26: Masked Person 26 | B26: Senior 3 | C26: Masked Person 27 | D26: 0.82186123 | E26: 'Some periods I only have 50% booking while waiting for next project
A27: Masked Person 35 | B27: Senior 2 | C27: Masked Person 24 | D27: 0.84518828 | E27: was on 3 projects - Client L, Client O, Client F. Likely a combination of MC, leave, project transition time, non chargeable time towards end of each project
A28: Masked Person 9 | B28: Staff/Assistant 2 | C28: Masked Person 37 | D28: 0.8735363 | E28: Joined in Aug 2025, BD for a few weeks while awaiting clearence for Client A.
A29: Masked Person 60 | B29: Manager 1 | C29: Masked Person 42 | D29: 0.87982833 | E29: 7th - 10th July 2025 - Admin Charge Code (Pre onboarding to Client C) ; June 2026 - Still Client C but admin charge code was used
A30: Masked Person 19 | B30: Intern (CS) 1 | C30: Masked Person 29 | D30: 0.88636364
A31: Masked Person 63 | B31: Staff/Assistant 2 | C31: Masked Person 13 | D31: 0.89671362 | E31: Joined 27 Jul 2026, 100% charged to Client B from day 1
A32: Masked Person 34 | B32: Staff/Assistant 1 | C32: Masked Person 29 | D32: 0.89831804 | E32: I joined the firm in Apr 26.
A33: Masked Person 15 | B33: Intern (CS) 1 | C33: - | D33: 0.9
A34: Masked Person 30 | B34: Senior 3 | C34: - | D34: 0.90371991 | E34: Fully utilised for Client C but was tolde to charge internal code for a period of time by engagement manager
A35: Masked Person 52 | B35: Staff/Assistant 2 | D35: 0.90869565 | E35: I joined the Firm on 29th June 2026, and security clearance was finished by 16 July 2026.
A36: Masked Person 89 | B36: Staff/Assistant 1 | C36: Masked Person 1 | D36: 0.92291667
A37: Masked Person 45 | B37: Intern (CS) 1 | C37: Masked Person 29 | D37: 0.94680851 | E37: Says was 100% charged
A38: Masked Person 91 | B38: Staff/Assistant 2 | C38: Masked Person 37 | D38: 0.94955157 | E38: NA
A39: Masked Person 47 | B39: Staff/Assistant 2 | C39: Masked Person 13 | D39: 0.97444444 | E39: NA
A40: Masked Person 64 | B40: Intern (CS) 1 | C40: - | D40: 0.97767857 | E40: NA
A41: Masked Person 93 | B41: Intern (CS) 1 | C41: Masked Person 1 | D41: 0.97777778 | E41: NA
A42: Masked Person 81 | B42: Staff/Assistant 1 | C42: Masked Person 11 | D42: 0.98099762 | E42: NA
A43: Masked Person 73 | B43: Senior 2 | C43: Masked Person 11 | D43: 0.99132321 | E43: NA
A44: Masked Person 8 | B44: Senior 2 | C44: - | D44: 0.99139908 | E44: NA
A45: Masked Person 33 | B45: Senior 2 | C45: Masked Person 27 | D45: 0.99147122 | E45: NA
A46: Masked Person 76 | B46: Staff/Assistant 2 | C46: Masked Person 27 | D46: 0.99186992 | E46: NA
A47: Masked Person 59 | B47: Staff/Assistant 2 | C47: Masked Person 1 | D47: 0.99470899 | E47: NA
A48: Masked Person 95 | B48: Senior 1 | C48: Masked Person 11 | D48: 0.99506579 | E48: NA
... A58: Masked Person 87 | B58: Staff/Assistant 2 | C58: Masked Person 55 | D58: 1 | E58: NA
A59: Masked Person 7 | B59: Manager 3 | C59: Masked Person 37 | D59: 1.0032609 | E59: NA | F59: =17/64
A60: Masked Person 72 | B60: Staff/Assistant 2 | C60: Masked Person 20 | D60: 1.0229469 | E60: NA
A61: Masked Person 2 | B61: Intern (CS) 1 | C61: - | D61: 1.029661 | E61: NA
A62: Masked Person 3 | B62: Senior 3 | C62: Masked Person 20 | D62: 1.0346062 | E62: NA
A63: Masked Person 80 | B63: Staff/Assistant 1 | C63: Masked Person 7 | D63: 1.0379464 | E63: NA
A64: Masked Person 49 | B64: Intern (CS) 1 | C64: Masked Person 1 | D64: 1.0694444 | E64: NA
A65: Masked Person 41 | B65: Intern (CS) 1 | C65: - | E65: NA
A67: Applied filters: ASEAN is Core Country is SG Singapore Included (1) Technology Consulting (Sub-Service line) + AI and Data (Competency Filter) Rank is not Partner/Principal Employee type is Current employee Rank is not Client Serving Contractor, Senior Associate, Associate, Supervising Associate, or Assistant Director Country is not (Blank), LA Laos, or LK Sri Lanka

Sheet FY27-WTD Utilization
A1: ResourceName | B1: Current Grade Order & Description | C1: Counselor Name | D1: FY27 (3Weeks) WTD Effective Utilisation | E1: 6 Months Forecast | F1: Remarks | G1: Column1
A2: Masked Person 23 | B2: Intern (CS) 1 | C2: - | D2: 1 | E2: - | F2: Client R (Internship ending 8Aug26)
A3: Masked Person 44 | B3: Intern (CS) 1 | C3: - | D3: 1 | E3: 1 | F3: Platform C1
A4: Masked Person 90 | B4: Intern (CS) 1 | C4: - | D4: 0 | E4: 1 | F4: Jul26: Bench Aug-Dec26: Client R
A5: Masked Person 32 | B5: Staff/Assistant 1 | C5: Masked Person 11 | D5: 1 | E5: 1 | F5: Client L
A6: Masked Person 66 | B6: Intern (CS) 1 | C6: Masked Person 37 | D6: 1 | E6: - | F6: Client G (Internship ending 8Aug26)
A7: Masked Person 62 | B7: Intern (CS) 1 | C7: Masked Person 61 | D7: 1 | E7: - | F7: Platform C1 (Internship ending 31Jul26)
A8: Masked Person 70 | B8: Staff/Assistant 2 | C8: Masked Person 16 | D8: 1 | E8: 1 | F8: Client A
A9: Masked Person 92 | B9: Staff/Assistant 1 | C9: - | D9: 1 | E9: 1 | F9: Client G
A10: Masked Person 68 | B10: Manager 2 | C10: Masked Person 42 | D10: 1 | E10: 1 | F10: Client F Project F2, Client L, Project I1
A11: Masked Person 38 | B11: Staff/Assistant 2 | C11: Masked Person 29 | D11: 0.1 | E11: 1 | F11: Supporting Project C2 & Reserved for Project C2 Investigation Assistant
A12: Masked Person 12 | B12: Senior 2 | C12: Masked Person 29 | D12: 0 | E12: 0 | F12: Reserved for Project C2 investigation Assistant. Sep26. !00%
A13: Masked Person 6 | B13: Senior 3 | C13: - | D13: 1 | E13: 1 | F13: Data Management Strategy Study Client L, Client T
A14: Masked Person 39 | B14: Senior 1 | C14: Masked Person 42 | D14: 1 | E14: 0 | F14: Client F, Sep26 onwards 0%
A15: Masked Person 5 | B15: Senior 1 | C15: Masked Person 69 | D15: 0 | E15: 0 | F15: Bench
A16: Masked Person 50 | B16: Senior 3 | C16: Masked Person 11 | D16: 0.3 | E16: 0.3 | F16: Client A & Client C Bench
A17: Masked Person 18 | B17: Staff/Assistant 2 | C17: Masked Person 42 | D17: 1 | E17: 0.66 | F17: Client E, Client A, till Oct. Reserved for Project C2 Investigation Assistance | G17: Client AA security AI
A18: Masked Person 67 | B18: Intern (CS) 1 | C18: Masked Person 1 | D18: 1 | E18: 1 | F18: Client A, Internship ending in April 27
A19: Masked Person 55 | B19: Manager 3 | C19: Masked Person 24 | D19: 0.6 | E19: 0.4 | F19: 40% avail till Oct, 0% after.
A20: Masked Person 83 | B20: Manager 2 | C20: Masked Person 29 | D20: 0 | E20: 0 | F20: Client S BD
A21: Masked Person 27 | B21: Manager 3 | C21: Masked Person 24 | D21: 0.9 | E21: 0.9 | F21: Client A, Client C, 0% Jan onwards
A22: Masked Person 25 | B22: Manager 1 | C22: Masked Person 29 | D22: 1 | E22: 0.66 | F22: 0% Oct onwards, Reserved for Project C2 Invstigation Assistance
A23: Masked Person 78 | B23: Staff/Assistant 1 | C23: Masked Person 37 | D23: 1 | E23: 1 | F23: Client A
A24: Masked Person 85 | B24: Intern (CS) 1 | C24: Masked Person 11 | D24: 0 | E24: - | F24: BD, Internship ends 7 Aug
A25: Masked Person 4 | B25: Senior 1 | D25: 1 | E25: 0.8 | F25: 100% Client G Nov onwards
A26: Masked Person 26 | B26: Senior 3 | C26: Masked Person 27 | D26: 1 | E26: 0.8 | F26: Client P, Client Q, 100% Client P Nov onward (Tentative Client H)
A27: Masked Person 35 | B27: Senior 2 | C27: Masked Person 24 | D27: 0 | E27: 0 | F27: Currently - Client L LR (Masked Person 24), Project C4 (Masked Person 42/Masked Person 40), Client AF (Masked Person 29)
A28: Masked Person 9 | B28: Staff/Assistant 2 | C28: Masked Person 37 | D28: 1 | E28: 1 | F28: Client A
A29: Masked Person 60 | B29: Manager 1 | C29: Masked Person 42 | D29: 1 | E29: 0.7 | F29: Sep onwards 0%
A30: Masked Person 19 | B30: Intern (CS) 1 | C30: Masked Person 29 | D30: 1 | E30: 0.1 | F30: Project I1, Aug onwards Client J 100%
A31: Masked Person 63 | B31: Staff/Assistant 2 | C31: Masked Person 13 | D31: 1 | E31: 1 | F31: Client B
A32: Masked Person 34 | B32: Staff/Assistant 1 | C32: Masked Person 29 | D32: 1 | E32: 0.66 | F32: Client F, Oct onwards 0%
A33: Masked Person 15 | B33: Intern (CS) 1 | C33: - | D33: 1 | E33: 0.9 | F33: Client I, Client J, Internship ending in 13 Nov
A34: Masked Person 30 | B34: Senior 3 | C34: - | D34: 1 | E34: 1 | F34: Platform C1
A35: Masked Person 52 | B35: Staff/Assistant 2 | D35: 1 | E35: 1 | F35: Platform C1
A36: Masked Person 89 | B36: Staff/Assistant 1 | C36: Masked Person 1 | D36: 1 | E36: 1 | F36: Client A
A37: Masked Person 45 | B37: Intern (CS) 1 | C37: Masked Person 29 | D37: 1 | E37: 1 | F37: Jul - Aug 2026 - Client I 100%, Sep - Dec 2026 Client J 100%
A38: Masked Person 91 | B38: Staff/Assistant 2 | C38: Masked Person 37 | D38: 1 | E38: 1 | F38: Client M
A39: Masked Person 47 | B39: Staff/Assistant 2 | C39: Masked Person 13 | D39: 1 | E39: - | F39: Client E, 0% Oct onwards, Last day 21 Aug
A40: Masked Person 64 | B40: Intern (CS) 1 | C40: - | D40: 1 | E40: 1 | F40: Project I1, Internship ending 11 Dec
A41: Masked Person 93 | B41: Intern (CS) 1 | C41: Masked Person 1 | D41: 1 | E41: 1 | F41: Client A, Internship ending in Dec
A42: Masked Person 81 | B42: Staff/Assistant 1 | C42: Masked Person 11 | D42: 1 | E42: 1 | F42: Client B
A43: Masked Person 73 | B43: Senior 2 | C43: Masked Person 11 | D43: 1 | E43: 1 | F43: Client D
A44: Masked Person 8 | B44: Senior 2 | C44: - | D44: 1 | E44: 1 | F44: Client A
A45: Masked Person 33 | B45: Senior 2 | C45: Masked Person 27 | D45: 1 | E45: 1 | F45: Client B
A46: Masked Person 76 | B46: Staff/Assistant 2 | C46: Masked Person 27 | D46: 1 | E46: 1 | F46: Client A
A47: Masked Person 59 | B47: Staff/Assistant 2 | C47: Masked Person 1 | D47: 1 | E47: 1 | F47: Client A
A48: Masked Person 95 | B48: Senior 1 | C48: Masked Person 11 | D48: 1 | E48: 1 | F48: Client B
A49: Masked Person 46 | B49: Senior 3 | C49: Masked Person 11 | D49: 1 | E49: 1 | F49: Client B
A50: Masked Person 20 | B50: Manager 3 | C50: Masked Person 61 | D50: 1 | E50: 1 | F50: Client B
A51: Masked Person 57 | B51: Manager 3 | C51: Masked Person 42 | D51: 1 | E51: 1 | F51: Client K
... A65: Masked Person 41 | B65: Intern (CS) 1 | C65: - | D65: 0 | E65: 0 | F65: Currently working on BD for Client H. Pending for Client D, Internship ending in Dec
A67: Applied filters: ASEAN is Core Country is SG Singapore Included (1) Technology Consulting (Sub-Service line) + AI and Data (Competency Filter) Rank is not Partner/Principal Employee type is Current employee Rank is not Client Serving Contractor, Senior Associate, Associate, Supervising Associate, or Assistant Director Country is not (Blank), LA Laos, or LK Sri Lanka

Sheet Master
A1: Employee name | B1: Gender | C1: Rank and Grade | D1: Bench Category Column | E1: 6 Weeks Forecast | F1: 12 Weeks Forecast | G1: Current Week Forecast | H1: WC 9 Sep 2026 | I1: WC 16 Sep 2026 | J1: WC 23 Sep 2026 | K1: WC 30 Sep 2026 | L1: WC 7 Oct 2026 | M1: WC 14 Oct 2026 | N1: WC 21 Oct 2026 | O1: Allocation Remarks | P1: Bench/Partial Bench (Profinda) | Q1: % Availablity (1mth) | R1: % Availablity (2mth) | S1: % Availablity (3mth) | T1: % Availablity (6mth) | U1: % Availablity 6mth onwards (Outdated) | V1: End date | W1: Nationality | X1: Previous/Existing Project Roles | Y1: Primary Skillset (Platform) | Z1: Secondary Skillset | AA1: Combined Bucket Skillset | AB1: Data Engineering | AC1: Data Architecture | AD1: Business Intelligence & Analytics | AE1: Artificial Intelligence (AI) & Machine Learning | AF1: Data Governance & Quality | AG1: Data Security & Privacy | AH1: Data Strategy & Management | AI1: Cloud Data Platforms & Operations | AJ1: Aspiring roles | AK1: Current Engagement | AL1: EM
A2: Masked Person 3 | B2: Male | C2: Senior 3 | D2: Coming on bench in 23 week(s) | E2: 1 | F2: 1 | G2: 1 | H2: 1 | I2: 1 | J2: 1 | K2: 1 | L2: 1 | M2: 1 | N2: 1 | O2: Jan 2027 - None Jul - Dec 2026 - Client A M&S 100% Jan - Dec 2026 - Client A 100% | P2: =IF($G2>=100%,"NA",IF(G2=0%,"Bench","Partial Bench")) | Q2: 0 | R2: 0 | S2: 0 | T2: 0 | U2: 1 | V2: 12/31/2026 | W2: Singaporean | X2: Data Engineer | Y2: Terraform, Python, Script | Z2: GenAI Engineering | AA2: {=_xlfn.TEXTJOIN(", ",TRUE,_xlfn._xlws.FILTER($AB$1:$AI$1,$AB2:$AI2="Yes"))} | AB2: Yes | AE2: Yes | AI2: Yes | AJ2: Cloud Engineer and GenAI Engineer GenAI Engineering | AK2: Client A - Platform A1 Maintenance Phase 1 &2 - ENG-003 | AL2: Masked Person 1
A3: Masked Person 4 | B3: Female | C3: Senior 1 | D3: Coming on bench in 2 week(s) | E3: 0.26666667 | F3: 0.13333333 | G3: 1 | H3: 1 | I3: 0.6 | J3: 0 | K3: 0 | L3: 0 | M3: 0 | N3: 0 | O3: 100% on Client G till 30Nov26 | P3: =IF($G3>=100%,"NA",IF(G3=0%,"Bench","Partial Bench")) | Q3: 0 | R3: 0 | S3: 0 | T3: 1 | W3: EP | AA3: {=_xlfn.TEXTJOIN(", ",TRUE,_xlfn._xlws.FILTER($AB$1:$AI$1,$AB3:$AI3="Yes"))} | AD3: Yes | AK3: Client G S/4HANA Implementation - ENG-016 | AL3: Masked Person 37
A4: Masked Person 5 | B4: Female | C4: Senior 1 | D4: Benching for 10 week(s) | E4: 0 | F4: 0 | G4: 0 | H4: 0 | I4: 0 | J4: 0 | K4: 0 | L4: 0 | M4: 0 | N4: 0 | O4: On bench, helping BD | P4: =IF($G4>=100%,"NA",IF(G4=0%,"Bench","Partial Bench")) | Q4: 1 | R4: 1 | S4: 1 | T4: 1 | U4: 0 | V4: 6/19/2026 | W4: Singaporean | X4: Data Analyst | Y4: Aws Qlik sense | Z4: Qlik sense SQL | AA4: {=_xlfn.TEXTJOIN(", ",TRUE,_xlfn._xlws.FILTER($AB$1:$AI$1,$AB4:$AI4="Yes"))} | AB4: Yes | AD4: Yes | AJ4: Data analyst / data engineer AI and Analytics
A5: Masked Person 6 | B5: Male | C5: Senior 3 | D5: Benching for 2 week(s) | E5: 0 | F5: 0 | G5: 0 | H5: 0 | I5: 0 | J5: 0 | K5: 0 | L5: 0 | M5: 0 | N5: 0 | O5: September 2026 - January 2027 - Client T 100% August 2026 - August 2026 - Client L 100% April - End August 2026 - Data Management Strategy Study 100% | P5: =IF($G5>=100%,"NA",IF(G5=0%,"Bench","Partial Bench")) | Q5: 0 | R5: 0 | S5: 0 | T5: 0 | V5: 46265 | W5: Singaporean | X5: Project Lead, Data Scientist Business Analyst | Y5: Project Management, SQL, Python, Power BI Python, T-SQL, MySQL, Unix, PowerBI, QlikSense, Tableau, SQL Server, Power Automate, Excel, Powerpoint | Z5: Qliksense, Azure PySpark, Azure Snowflake, SSIS | AA5: {=_xlfn.TEXTJOIN(", ",TRUE,_xlfn._xlws.FILTER($AB$1:$AI$1,$AB5:$AI5="Yes"))} | AB5: Yes | AD5: Yes | AJ5: Project Manager | AK5: Data Management Strategy Study | AL5: Masked Person 65
A6: Masked Person 7 | B6: Female | C6: Manager 3 | D6: Coming on bench in 7 week(s) | E6: 1 | F6: 0.5 | G6: 1 | H6: 1 | I6: 1 | J6: 1 | K6: 1 | L6: 1 | M6: 1 | N6: 0 | O6: Jul - Aug 2026 - 80% Client A 20% Client B Sep 2026 - Jan 2027 onwards - 50% Client B | P6: =IF($G6>=100%,"NA",IF(G6=0%,"Bench","Partial Bench")) | Q6: 0 | R6: 0.5 | S6: 0.5 | T6: 0.5 | U6: 50% Sep onwards | W6: PR | X6: Data Engineer, Analyst, Data Engineer, Service Lead, SCRUM Master | Y6: PostgreSQL, Microsoft SQL, SAS Viya, SAS 9.4, IBM Spectrum LSF, agile, SQL, SAS, SCRUM, Agile Management | Z6: Linux, Power BI, scrum master, Azure, Cyperquery | AA6: {=_xlfn.TEXTJOIN(", ",TRUE,_xlfn._xlws.FILTER($AB$1:$AI$1,$AB6:$AI6="Yes"))} | AB6: Yes | AD6: Yes | AH6: Yes | AI6: Yes | AJ6: AI Engineer and data scientist, AI/ML Ops Engineer, Cloud Engineer | AK6: Client A - Platform A1 (GovCloud) - ENG-017 Client B - System B1 SAS Upgrade - 3.5 - ENG-010 | AL6: Masked Person 1; Masked Person 11
A7: Masked Person 8 | B7: Female | C7: Senior 2 | D7: Coming on bench in 15 week(s) | E7: 1.06207 | F7: 1.06207 | G7: 1.06207 | H7: 1.06207 | I7: 1.06207 | J7: 1.06207 | K7: 1.06207 | L7: 1.06207 | M7: 1.06207 | N7: 1.06207 | O7: Jan - Feb 2027 - Client A 100% | P7: =IF($G7>=100%,"NA",IF(G7=0%,"Bench","Partial Bench")) | Q7: 0 | R7: 0 | S7: 0 | T7: 0 | V7: 46507 | W7: PR | X7: Data Engineer Business Analyst | Y7: Azure, Databricks, Spark, Python Microsoft Azure, Spark, Python, SQL | Z7: Power BI AWS, GCP | AA7: {=_xlfn.TEXTJOIN(", ",TRUE,_xlfn._xlws.FILTER($AB$1:$AI$1,$AB7:$AI7="Yes"))} | AB7: Yes | AD7: Yes | AI7: Yes | AJ7: Data Engineer, Solution Architect Data Engineer | AK7: Client A - Platform A1 (GovCloud) - ENG-017 | AL7: Masked Person 1
A8: Masked Person 9 | B8: Male | C8: Staff/Assistant 2 | D8: Benching for 10 week(s) | E8: 0 | F8: 0 | G8: 0 | H8: 0 | I8: 0 | J8: 0 | K8: 0 | L8: 0 | M8: 0 | N8: 0 | O8: Aug 2026 - Jan 2027 - Client A Platform A1 in GovCloud 100% Jan - Dec 2026 - Client A 100% Profile has been submitted for Client AB. | P8: =IF($G8>=100%,"NA",IF(G8=0%,"Bench","Partial Bench")) | Q8: 0 | R8: 0 | S8: 0 | T8: 0 | V8: 46418 | W8: Singaporean | X8: Data Governance., Data Analyst, Data Engineer | Y8: Azure, Linux, Python, SQL, ETL | Z8: Hadoop/Give, Pyspark, Collibra, Shell Scripting, Data Quality Management. | AA8: {=_xlfn.TEXTJOIN(", ",TRUE,_xlfn._xlws.FILTER($AB$1:$AI$1,$AB8:$AI8="Yes"))} | AB8: Yes | AJ8: Analytics Engineer / Senior Data Engineer. | AK8: Client A - Platform A1 in GovCloud - ENG-004 | AL8: Masked Person 1
A9: Masked Person 10 | B9: Female | C9: Staff/Assistant 1 | D9: Benching for 7 week(s) | E9: 0 | F9: 0 | G9: 0 | H9: 0 | I9: 0 | J9: 0 | K9: 0 | L9: 0 | M9: 0 | N9: 0 | O9: Jul - Aug 2027 -Client B 100% | P9: =IF($G9>=100%,"NA",IF(G9=0%,"Bench","Partial Bench")) | Q9: 0 | R9: 0 | S9: 0 | T9: 0 | W9: Singaporean | AA9: {=_xlfn.TEXTJOIN(", ",TRUE,_xlfn._xlws.FILTER($AB$1:$AI$1,$AB9:$AI9="Yes"))} | AB9: Yes | AK9: Client B - System B1 SAS Upgrade - 3.5 - ENG-010 | AL9: Masked Person 11
A10: Masked Person 12 | B10: Male | C10: Senior 2 | D10: Coming on bench in 2 week(s) | E10: 0.27013033 | F10: 0.13506517 | G10: 1.01299 | H10: 1.01299 | I10: 0.607792 | J10: 0 | K10: 0 | L10: 0 | M10: 0 | N10: 0 | O10: Client U 1 Oct 26 to 31 Jan 27 On bench (27 Jul) / Pending for Client C 50% | P10: =IF($G10>=100%,"NA",IF(G10=0%,"Bench","Partial Bench")) | Q10: 0 | R10: 0 | S10: 0 | T10: 0 | W10: Singaporean | X10: Tech Lead | Y10: Azure, Linux, Neo4j GDS, PostgreSQL, Python, MySQL, Hadoop, REACT, Java, HTML, CSS, SQL, Tableau, AWS | Z10: Power BI, JIRA, GCP, PyTorch, TensorFlow, Scikit-learn, Python, C++, C, Navicat, Kafka, Spring | AA10: {=_xlfn.TEXTJOIN(", ",TRUE,_xlfn._xlws.FILTER($AB$1:$AI$1,$AB10:$AI10="Yes"))} | AB10: Yes | AE10: Yes | AJ10: Cloud Platforms, MLOps, AI Engineer - Tech lead | AL10: Masked Person 40
A11: Masked Person 15 | B11: Female | C11: Intern (CS) 1 | D11: Coming on bench in 2 week(s) | E11: 0.2873775 | F11: 0.14368875 | G11: 1.01207 | H11: 1.01207 | I11: 0.712195 | J11: 0 | K11: 0 | L11: 0 | M11: 0 | N11: 0 | O11: Jul - Aug 2026 - Client I 100%, Sep - Dec 2026 Client J 100% Jul - Aug 2026 Project I1 100% internship until 13th November 2026 | P11: =IF($G11>=100%,"NA",IF(G11=0%,"Bench","Partial Bench")) | Q11: 1 | R11: 1 | S11: 1 | T11: 1 | U11: 100 | V11: 8/31/2026 | W11: EP | X11: Student/Intern | Y11: Power BI | Z11: Power BI SQL, Python | AA11: {=_xlfn.TEXTJOIN(", ",TRUE,_xlfn._xlws.FILTER($AB$1:$AI$1,$AB11:$AI11="Yes"))} | AD11: Yes | AJ11: SQL, Python Business Analyst | AK11: Project I1 100% | AL11: Masked Person 29
A12: Masked Person 18 | B12: Female | C12: Staff/Assistant 2 | D12: Coming on bench in 2 week(s) | E12: 0.135484 | F12: 0.067742 | G12: 0.508065 | H12: 0.508065 | I12: 0.304839 | J12: 0 | K12: 0 | L12: 0 | M12: 0 | N12: 0 | O12: November 2026 - Jan 2027 [unconfirmed] Client H 100% September - October 2026 - Client E 100% Aug 2026 - Client A 50% Aug 2026 - Client E 50% Jan - 14 Aug 2026 - Client H 100%, Jul - Oct 2026 - Client E 100% | P12: =IF($G12>=100%,"NA",IF(G12=0%,"Bench","Partial Bench")) | Q12: 0 | R12: 1 | S12: 1 | T12: 1 | V12: 46326 | W12: PR | X12: AI/ML Engineer AI developer | Y12: Python, LLM/RAG, Agentic AI, Machine Learning, Deep Learning Python, TensorFlow, LangChain, Azure, Scikit-Learn, Keras, Streamlit, Flask, FastAPI, FAISS, Qdrant, SQL (MS SQL, MY SQL), ReactJS, Django, SprintBoot, Java | Z12: Cloud development (Azure, AWS), Fullstack dev, DevOps Docker, AWS, PostgrSQL, MongoDB, GraphQL, C/C++, Swift / SwiftUI, Android programming | AA12: {=_xlfn.TEXTJOIN(", ",TRUE,_xlfn._xlws.FILTER($AB$1:$AI$1,$AB12:$AI12="Yes"))} | AB12: Yes | AE12: Yes | AI12: Yes | AJ12: AI/ML Engineer, Data Scientist Deepen AI skills, Cloud architecture, Devops | AK12: Client H Project H1 - ENG-020, HOUSING & DEVELOPMENT BOARD - Client E System E1 Support - ENG-005 | AL12: Masked Person 29, Masked Person 17
A13: Masked Person 19 | B13: Male | C13: Intern (CS) 1 | D13: Coming on bench in 2 week(s) | E13: 0.27435967 | F13: 0.13717983 | G13: 1.02885 | H13: 1.02885 | I13: 0.617308 | J13: 0 | K13: 0 | L13: 0 | M13: 0 | N13: 0 | O13: Jul - Aug 2026 Project I1 100% Intenship until 11 December | P13: =IF($G13>=100%,"NA",IF(G13=0%,"Bench","Partial Bench")) | Q13: 0 | R13: 0 | S13: 0 | T13: 0 | X13: Software Developer | Y13: JavaScript, React, Node.js, HTML, CSS, REST APIs, Powerpoint, Excel | Z13: PostgreSQL, Microsoft SQL, Git, Azure/AWS, Docker, GitHub Copilot, Basic DevOps | AA13: {=_xlfn.TEXTJOIN(", ",TRUE,_xlfn._xlws.FILTER($AB$1:$AI$1,$AB13:$AI13="Yes"))} | AB13: Yes | AD13: Yes | AI13: Yes | AJ13: Full Stack Developer | AK13: Project I1 100% | AL13: Masked Person 29
A14: Masked Person 20 | B14: Male | C14: Manager 3 | D14: Benching for 7 week(s) | E14: 0 | F14: 0 | G14: 0 | H14: 0 | I14: 0 | J14: 0 | K14: 0 | L14: 0 | M14: 0 | N14: 0 | O14: Jan - Jul 2027 - Client B 100% | P14: =IF($G14>=100%,"NA",IF(G14=0%,"Bench","Partial Bench")) | Q14: 0 | R14: 0 | S14: 0 | T14: 0 | W14: EP | X14: Tech Lead | Y14: SAS, SQL, Python, Linux scripting | Z14: Talend, Informatica, Java, JavaScript | AA14: {=_xlfn.TEXTJOIN(", ",TRUE,_xlfn._xlws.FILTER($AB$1:$AI$1,$AB14:$AI14="Yes"))} | AB14: Yes | AJ14: Technical Lead – Data & Analytics | AK14: Client B - System B1 SAS Upgrade - 3.5 - ENG-010 | AL14: Masked Person 11
A15: Masked Person 22 | B15: Female | C15: Senior 1 | D15: Coming on bench in 15 week(s) | E15: 1 | F15: 1.0529408 | G15: 1 | H15: 1 | I15: 1 | J15: 1 | K15: 1 | L15: 1 | M15: 1 | N15: 1 | O15: Jan - Jan 2027 - Client D 100% | P15: =IF($G15>=100%,"NA",IF(G15=0%,"Bench","Partial Bench")) | Q15: 0 | R15: 0 | S15: 0 | T15: 0 | U15: 0 | W15: EP | X15: Data Engineer | Y15: SAS, Python, SQL, Microsoft Power BI | Z15: Generative AI, Machine Learning, Artificial Intelligence, Java | AA15: {=_xlfn.TEXTJOIN(", ",TRUE,_xlfn._xlws.FILTER($AB$1:$AI$1,$AB15:$AI15="Yes"))} | AB15: Yes | AD15: Yes | AJ15: Data Scientist | AK15: Client D - Platform D1 GovCloud Migration - M&S - ENG-008 | AL15: Masked Person 11
A16: Masked Person 25 | B16: Male | C16: Manager 1 | D16: Coming on bench in 2 week(s) | E16: 0.26666667 | F16: 0.13333333 | G16: 1 | H16: 1 | I16: 0.6 | J16: 0 | K16: 0 | L16: 0 | M16: 0 | N16: 0 | O16: Aug - Oct 2026 - Client J 100%, Nov-Dec none | P16: =IF($G16>=100%,"NA",IF(G16=0%,"Bench","Partial Bench")) | Q16: 0 | R16: 0 | S16: 0 | T16: 1 | U16: Available Oct onwards | V16: 46295 | W16: PR | X16: Technical Lead | Y16: Python, LLM/RAG Development (Langchain), AWS Analytics pipeline & services, BI, PostgreSQL | Z16: Azure AI Services, Streamlit, LLM/RAG, Data Science, Azure, Python, AWS | AA16: {=_xlfn.TEXTJOIN(", ",TRUE,_xlfn._xlws.FILTER($AB$1:$AI$1,$AB16:$AI16="Yes"))} | AB16: Yes | AE16: Yes | AI16: Yes | AJ16: ML/Agentic AI Practitioner | AK16: Project I1 100% | AL16: Masked Person 29
A17: Masked Person 26 | B17: Male | C17: Senior 3 | D17: Benching for 10 week(s) | E17: 0 | F17: 0 | G17: 0 | H17: 0 | I17: 0 | J17: 0 | K17: 0 | L17: 0 | M17: 0 | N17: 0 | O17: Client P: 60% Aug26, 80% Sept 26, nov onwards 100% to 31 May 27 Client Q: 40% Aug 26, 20% Sep 26 till Aug 7 - Client Q 40% | P17: =IF($G17>=100%,"NA",IF(G17=0%,"Bench","Partial Bench")) | Q17: 1 | R17: 0.4 | S17: 0 | T17: 0 | W17: PR | X17: DG Lead, Technical Lead | Y17: SQL, Purview, Azure, Alation, Python | Z17: QlikSense, Power BI, MATLAB, Fabric | AA17: {=_xlfn.TEXTJOIN(", ",TRUE,_xlfn._xlws.FILTER($AB$1:$AI$1,$AB17:$AI17="Yes"))} | AB17: Yes | AD17: Yes | AF17: Yes | AJ17: AI Engineer | AK17: Client P Client Q | AL17: Masked Person 40 Masked Person 56
A18: Masked Person 27 | B18: Male | C18: Manager 3 | D18: Coming on bench in 115 week(s) | E18: 0.838654 | F18: 0.838654 | G18: 0.838654 | H18: 0.838654 | I18: 0.838654 | J18: 0.838654 | K18: 0.838654 | L18: 0.838654 | M18: 0.838654 | N18: 0.838654 | O18: Jan - Dec - Client A 60%, 20% Project C2 enhancment, 20% Project C2 BD | P18: =IF($G18>=100%,"NA",IF(G18=0%,"Bench","Partial Bench")) | Q18: 0 | R18: 0 | S18: 0 | T18: 0 | W18: EP | Y18: Azure ML, Cloudera, SQL, PostgreSQL, Azure Synapse | Z18: SAS Viya / SAS 9.4, Tableau, Power BI, Azure Information Assist & AI | AA18: {=_xlfn.TEXTJOIN(", ",TRUE,_xlfn._xlws.FILTER($AB$1:$AI$1,$AB18:$AI18="Yes"))} | AB18: Yes | AD18: Yes | AE18: Yes | AJ18: Data Scientist | AK18: Client A - Platform A1 Maintenance Phase 1 &2 - ENG-003 | AL18: Masked Person 13
A19: Masked Person 28 | B19: Male | C19: Staff/Assistant 2 | D19: Coming on bench in 15 week(s) | E19: 1.07477 | F19: 1.07477 | G19: 1.07477 | H19: 1.07477 | I19: 1.07477 | J19: 1.07477 | K19: 1.07477 | L19: 1.07477 | M19: 1.07477 | N19: 1.07477 | O19: May - Jun 2027 - Client A 100% | P19: =IF($G19>=100%,"NA",IF(G19=0%,"Bench","Partial Bench")) | Q19: 0 | R19: 0 | S19: 0 | T19: 0 | U19: 100 | V19: 31/6/2027 | W19: Singaporean | X19: Data Engineer | Y19: Python, Maching Learning, Data Engineering, SAS, Power BI | Z19: Azure, Alation, Figma | AA19: {=_xlfn.TEXTJOIN(", ",TRUE,_xlfn._xlws.FILTER($AB$1:$AI$1,$AB19:$AI19="Yes"))} | AB19: Yes | AD19: Yes | AE19: Yes | AF19: Yes | AI19: Yes | AJ19: Data engineer, data scientist, data analyst, Data Governance | AK19: Client A - Platform A1 Maintenance Phase 1 &2 - ENG-003 (Current) Client B - System B1 Maintenance & Support YR 2 to 5 - ENG-006 | AL19: Masked Person 13 (Current) Masked Person 11
A20: Masked Person 30 | B20: Female | C20: Senior 3 | D20: Coming on bench in 15 week(s) | E20: 1.06098 | F20: 1.06098 | G20: 1.06098 | H20: 1.06098 | I20: 1.06098 | J20: 1.06098 | K20: 1.06098 | L20: 1.06098 | M20: 1.06098 | N20: 1.06098 | O20: Jan - Dec 2030 Client C 100% | P20: =IF($G20>=100%,"NA",IF(G20=0%,"Bench","Partial Bench")) | Q20: 0 | R20: 0 | S20: 0 | T20: 0 | V20: 46752 | W20: Singaporean | X20: Data engineer, Data Analyst, Business Analyst Business Analyst, Data Engineer | Y20: SQL, Azure, Python, Microsoft Power Bi SQL, Azure, Power BI | Z20: JIRA SAS, Python, R, Linux | AA20: {=_xlfn.TEXTJOIN(", ",TRUE,_xlfn._xlws.FILTER($AB$1:$AI$1,$AB20:$AI20="Yes"))} | AB20: Yes | AD20: Yes | AJ20: AI Engineer AI Engineering | AK20: Client C - Platform C1 - Implementation Release 2 and 3 - ENG-014 | AL20: Masked Person 61
A21: Masked Person 31 | B21: Female | C21: Staff/Assistant 2 | D21: Coming on bench in 15 week(s) | E21: 1.05556 | F21: 1.05556 | G21: 1.05556 | H21: 1.05556 | I21: 1.05556 | J21: 1.05556 | K21: 1.05556 | L21: 1.05556 | M21: 1.05556 | N21: 1.05556 | O21: Jul 2026 - Dec 2027 - Client B 100% Mar - Dec 2026 - Client B 100% | P21: =IF($G21>=100%,"NA",IF(G21=0%,"Bench","Partial Bench")) | Q21: 0 | R21: 0 | S21: 0 | T21: 1 | U21: 100 | V21: 46752 | W21: PR | X21: Data Engineer | Y21: Azure, SQL, Python, ETL, ML, Microsoft Power BI Python, SQL, PySpark, R, CQL, Azure, MS SQL, Power BI | Z21: SAS, AWS, RAG/LLM Java, C, C++, JavaScript, PostgreSQL, R, DAX, CSS, HTML, SAS, NetBeans, Azure, AWS, Oracle, Bitbucket, Git, SAP, Snowflake | AA21: {=_xlfn.TEXTJOIN(", ",TRUE,_xlfn._xlws.FILTER($AB$1:$AI$1,$AB21:$AI21="Yes"))} | AB21: Yes | AD21: Yes | AE21: Yes | AJ21: AI Engineer, Data Scientist, Applied AI Engineer, AI Platform Engineer Data Engineer, Solution Architect, Data Scientist | AK21: Client B - System B1 SAS Upgrade - 3.5 - ENG-010 | AL21: Masked Person 13 (Current) Masked Person 11
A22: Masked Person 32 | B22: Male | C22: Staff/Assistant 1 | D22: Benching for 7 week(s) | E22: 0 | F22: 0 | G22: 0 | H22: 0 | I22: 0 | J22: 0 | K22: 0 | L22: 0 | M22: 0 | N22: 0 | O22: May - Sep 2026 - Client L 100% Jul - Nov 2026 - Client L 100% | P22: =IF($G22>=100%,"NA",IF(G22=0%,"Bench","Partial Bench")) | Q22: 1 | R22: 1 | S22: 1 | T22: 1 | U22: 100 | V22: 46265 | W22: Singaporean | X22: Data Engineer Platform C1, testing & documentation | Y22: Python Python, Typescript, Next.js, Java | Z22: AWS React.js, JavaScript, C++, AWS | AA22: {=_xlfn.TEXTJOIN(", ",TRUE,_xlfn._xlws.FILTER($AB$1:$AI$1,$AB22:$AI22="Yes"))} | AE22: Yes | AI22: Yes | AJ22: Data Engineer, Cloud Engineer Software / Data Engineer | AK22: Project L1. Data strategy project | AL22: Masked Person 65
A23: Masked Person 33 | B23: Female | C23: Senior 2 | D23: Coming on bench in 15 week(s) | E23: 1 | F23: 1 | G23: 1 | H23: 1 | I23: 1 | J23: 1 | K23: 1 | L23: 1 | M23: 1 | N23: 1 | O23: Aug 2026 - Jan 2027 - Client B Jan- Dec 2029 Client B 100% | P23: =IF($G23>=100%,"NA",IF(G23=0%,"Bench","Partial Bench")) | Q23: 0 | R23: 0 | S23: 0 | T23: 0 | U23: 1 | V23: 12/31/2027 | W23: PR | X23: Data Engineer | Y23: Python, Microsoft Power Bi, Azure SQL, PostgreSQL, SAS, Python, R | Z23: SQL, SAS Tableau, Power BI | AA23: {=_xlfn.TEXTJOIN(", ",TRUE,_xlfn._xlws.FILTER($AB$1:$AI$1,$AB23:$AI23="Yes"))} | AB23: Yes | AD23: Yes | AJ23: AI/ML Ops Engineer Data Scientist | AK23: Client B - System B1 Maintenance & Support YR 2 to 5 - ENG-006 | AL23: Masked Person 11
A24: Masked Person 34 | B24: Female | C24: Staff/Assistant 1 | D24: Coming on bench in 1 week(s) | E24: 0.068333333 | F24: 0.034166667 | G24: 2.05 | H24: 0.41 | I24: 0 | J24: 0 | K24: 0 | L24: 0 | M24: 0 | N24: 0 | O24: Booked for Client S Project. From 01 Oct 2026 - 1 Jan 2027 July 2026 - September 2026 Project F2 100% Jul - 21 Sep 2026 Client F 100% | P24: =IF($G24>=100%,"NA",IF(G24=0%,"Bench","Partial Bench")) | Q24: 0 | R24: 0 | S24: 0 | T24: 0 | U24: 100 | V24: 9/18/2026 | W24: Singaporean | X24: AI analyst Business Enablement, AI Analyst | Y24: Product Ops, Design, LLM/RAG, Azure, MS Power Apps Python, SQL, React, Generative AI Content Generation | Z24: JIRA, Zapier, N8N, Figma Business Development, Design | AA24: {=_xlfn.TEXTJOIN(", ",TRUE,_xlfn._xlws.FILTER($AB$1:$AI$1,$AB24:$AI24="Yes"))} | AE24: Yes | AH24: Yes | AJ24: AI Product Manager Product Manager, Strategy Consultant, Business Analyst | AK24: ENG-023 Project F2 | AL24: Masked Person 29
A25: Masked Person 35 | B25: Male | C25: Senior 2 | D25: Coming on bench in 15 week(s) | E25: 1.05674 | F25: 1.05674 | G25: 1.05674 | H25: 1.05674 | I25: 1.05674 | J25: 1.05674 | K25: 1.05674 | L25: 1.05674 | M25: 1.05674 | N25: 1.05674 | O25: Client S 1 Sep 26 to 31 Jan 27 Client L LR (Masked Person 24), Project C4 (Masked Person 42/Masked Person 40), Client AF (Masked Person 29) Client E (Masked Person 17/Masked Person 42/Masked Person 29) - hands on to experiment with prototype AI solution - assessed component for tender submission | P25: =IF($G25>=100%,"NA",IF(G25=0%,"Bench","Partial Bench")) | Q25: 0 | R25: 0 | S25: 0 | T25: 0 | U25: 0 | V25: 46211 | W25: Singaporean | X25: AI Strategy Consultant, Analytics Transformation Consultant, Business Analyst, Data Scientist, Project Manager Business Analyst, Project Management, Data Scientist | Y25: Python, R, SQL, AI/ML (including Deep Learning), GenAI AWS Sagemaker, Python, R, PyTorch, sklearn, TensorFlow | Z25: JIRA Fabric, SQL, Gurobi Solver, QlikSense, Power BI | AA25: {=_xlfn.TEXTJOIN(", ",TRUE,_xlfn._xlws.FILTER($AB$1:$AI$1,$AB25:$AI25="Yes"))} | AB25: Yes | AD25: Yes | AE25: Yes | AJ25: Data Scientist, AI Engineer Business Analyst/Consultant, Data Scientist, AI Engineer | AK25: Client F - Project F1 - ENG-021 | AL25: Masked Person 29
A26: Masked Person 38 | B26: Male | C26: Staff/Assistant 2 | D26: Benching for 10 week(s) | E26: 0 | F26: 0 | G26: 0 | H26: 0 | I26: 0 | J26: 0 | K26: 0 | L26: 0 | M26: 0 | N26: 0 | O26: Jul26-Jan27, 100% for Client C Enhancement and Investigation Assistant Short listed for Client AB, Client M first round. | P26: =IF($G26>=100%,"NA",IF(G26=0%,"Bench","Partial Bench")) | Q26: 1 | R26: 1 | S26: 1 | T26: 1 | W26: Singaporean | X26: Frontend Developer, AI Developer | Y26: Python, SQL, TypeScript, React, PostgreSQL, FastAPI, Docker, LangGraph, ThreeJS | Z26: AWS, GCP, Azure, Java, SpringBoot, Hibernate, SalesForce, Git | AA26: {=_xlfn.TEXTJOIN(", ",TRUE,_xlfn._xlws.FILTER($AB$1:$AI$1,$AB26:$AI26="Yes"))} | AE26: Yes | AI26: Yes | AJ26: Forward Deploy Engineer, Cloud Platforms, MLOps
A27: Masked Person 39 | B27: Female | C27: Senior 1 | D27: Coming on bench in 6 week(s) | E27: 0.34666667 | F27: 0.17333333 | G27: 0.4 | H27: 0.4 | I27: 0.4 | J27: 0.4 | K27: 0.4 | L27: 0.4 | M27: 0.08 | N27: 0 | O27: Client S 7 Sept 26 - 31 Jan27 (40%) Sep 2026 - Jan 2027 - none Jul - Aug 2026 - Client F 100% Profile has been submitted for Client AB. | P27: =IF($G27>=100%,"NA",IF(G27=0%,"Bench","Partial Bench")) | Q27: 0 | R27: 0 | S27: 0 | T27: 0 | V27: 46211 | W27: PR | X27: AI Scientist | Y27: Deep Learning, MLOps, Python, AWS, LLM Python, PyTorch, TensorFlow, AWS SageMaker, SQL, SAS, PostgreSQL, Java | Z27: SQL, React.js React.js, Next.js, FastAPI, OpenCV, Tesseract, Flask, Power BI, MongoDB | AA27: {=_xlfn.TEXTJOIN(", ",TRUE,_xlfn._xlws.FILTER($AB$1:$AI$1,$AB27:$AI27="Yes"))} | AE27: Yes | AI27: Yes | AJ27: AI Engineer AI Development, LLM, Quantum Machine Learning | AK27: Client F - Project F1 - ENG-021 | AL27: Masked Person 29
A28: Masked Person 41 | B28: Female | C28: Intern (CS) 1 | D28: Benching for 9 week(s) | E28: 0 | F28: 0 | G28: 0 | H28: 0 | I28: 0 | J28: 0 | K28: 0 | L28: 0 | M28: 0 | N28: 0 | O28: 100% Client D, 31 Dec 26 Cleared for Client D till Dec, still helping with BD (05 Aug) Internship ending date is 18 December 2026 | P28: =IF($G28>=100%,"NA",IF(G28=0%,"Bench","Partial Bench")) | Q28: 0 | R28: 0 | S28: 0 | T28: 0 | U28: 1 | V28: 46374 | W28: Singaporean | X28: AI product manager at previous intern | Y28: LLM/RAG, Python | Z28: AWS, Jira, Docker | AA28: {=_xlfn.TEXTJOIN(", ",TRUE,_xlfn._xlws.FILTER($AB$1:$AI$1,$AB28:$AI28="Yes"))} | AB28: Yes | AE28: Yes | AH28: Yes | AI28: Yes | AJ28: AI/ML ops, AI Product Manager | AK28: Client D | AL28: Masked Person 11
A29: Masked Person 44 | B29: Male | C29: Intern (CS) 1 | D29: Benching for 10 week(s) | E29: 0 | F29: 0 | G29: 0 | H29: 0 | I29: 0 | J29: 0 | K29: 0 | L29: 0 | M29: 0 | N29: 0 | O29: July - Jan 2027 - Platform C1 100% June 2026 - Apr 2027 Client C 100% Internship until 30 Apr 2027 | P29: =IF($G29>=100%,"NA",IF(G29=0%,"Bench","Partial Bench")) | Q29: 0 | R29: 0 | S29: 0 | T29: 0 | U29: 100 | V29: 46509 | W29: EP | X29: Intern - Data Scientist & Developer Data/Business Analyst | Y29: Python, Azure, Machine Learning, LLM, SQL, C++, Data structures & Algorithms, Python, C, C++, SQL, Agile Framework, PostgreSQL, Postman, Excel, Powerpoint | Z29: JIRA, Dell Smartsheets Machine Learning, Deep Learning, Data Visualisation | AA29: {=_xlfn.TEXTJOIN(", ",TRUE,_xlfn._xlws.FILTER($AB$1:$AI$1,$AB29:$AI29="Yes"))} | AB29: Yes | AE29: Yes | AH29: Yes | AJ29: AI/ML Engineer Data Scientist/ ML Engineer | AK29: Client C - Platform C1 - Implementation Release 2 and 3 - ENG-014 | AL29: Masked Person 61
A30: Masked Person 45 | B30: Male | C30: Intern (CS) 1 | D30: Coming on bench in 0 week(s) | E30: 0 | F30: 0 | G30: 1.03191 | H30: 0 | I30: 0 | J30: 0 | K30: 0 | L30: 0 | M30: 0 | N30: 0 | O30: Jul - Aug 2026 - Client I 100%, Sep - Dec 2026 Client J 100% May - Aug 14 2026 - Client I 100% Internship ending 18 September 2026 | P30: =IF($G30>=100%,"NA",IF(G30=0%,"Bench","Partial Bench")) | Q30: 0 | R30: 0 | S30: 0 | T30: 0 | V30: 46265 | W30: EP | X30: Intern Full Stack Developer | Y30: React, Python, Microsoft Fabric, RAG, AI Agents React, Node.js, JavaScript, REST APIs, HTML, CSS | Z30: Claude Code, Cloud, Networking, Security Python, SQL, Git, AI Tools (Claude, GPT), Cloud | AA30: {=_xlfn.TEXTJOIN(", ",TRUE,_xlfn._xlws.FILTER($AB$1:$AI$1,$AB30:$AI30="Yes"))} | AE30: Yes | AI30: Yes | AJ30: Product Manager | AK30: Project I1 100% | AL30: Masked Person 29
A31: Masked Person 46 | B31: Female | C31: Senior 3 | D31: Coming on bench in 15 week(s) | E31: 1 | F31: 1 | G31: 1 | H31: 1 | I31: 1 | J31: 1 | K31: 1 | L31: 1 | M31: 1 | N31: 1 | O31: May - Jan 2027 - Client B System B1 Jan - Dec 2026 Client B 100% | P31: =IF($G31>=100%,"NA",IF(G31=0%,"Bench","Partial Bench")) | Q31: 0 | R31: 0 | S31: 0 | T31: 0 | U31: 1 | V31: 46388 | W31: Singaporean | X31: Data Engineer | Y31: MSSQL, SAS, SPSS, Python, Power BI SAS, SQL, Power BI, Python | Z31: Alibaba, Tableau Alibaba's Platform for AI | AA31: {=_xlfn.TEXTJOIN(", ",TRUE,_xlfn._xlws.FILTER($AB$1:$AI$1,$AB31:$AI31="Yes"))} | AB31: Yes | AD31: Yes | AE31: Yes | AJ31: Data engineer/ Data analyst Data Scientist, Business Analyst | AK31: Client B - System B1 SR 2025 & 2026 - ENG-009 | AL31: Masked Person 11
A32: Masked Person 49 | B32: Male | C32: Intern (CS) 1 | D32: Coming on bench in 32 week(s) | E32: 1.05809 | F32: 1.05809 | G32: 1.05809 | H32: 1.05809 | I32: 1.05809 | J32: 1.05809 | K32: 1.05809 | L32: 1.05809 | M32: 1.05809 | N32: 1.05809 | O32: May 2026 - Apr 2027 - Client A 100% Internship until April 2027 | P32: =IF($G32>=100%,"NA",IF(G32=0%,"Bench","Partial Bench")) | Q32: 0 | R32: 0 | S32: 0 | T32: 0 | W32: Student pass | X32: Data Engineer | Y32: Python, SQL, Excel, PySpark | Z32: GCP, Git, Azure | AA32: {=_xlfn.TEXTJOIN(", ",TRUE,_xlfn._xlws.FILTER($AB$1:$AI$1,$AB32:$AI32="Yes"))} | AB32: Yes | AD32: Yes | AI32: Yes | AJ32: Data engineer, Data Analyst | AK32: Client A - Platform A1 (GovCloud) - ENG-017 | AL32: Masked Person 1
A33: Masked Person 52 | B33: Female | C33: Staff/Assistant 2 | D33: Benching for 10 week(s) | E33: 0 | F33: 0 | G33: 0 | H33: 0 | I33: 0 | J33: 0 | K33: 0 | L33: 0 | M33: 0 | N33: 0 | O33: Aug - Jan 2027 - Platform C1 - Implementation Release 2 and 3 ENG-014 100% Jul2026-Jul2030, 100% for Platform C1 | P33: =IF($G33>=100%,"NA",IF(G33=0%,"Bench","Partial Bench")) | Q33: 0 | R33: 0 | S33: 0 | T33: 0 | U33: 1 | V33: 12/31/2027 | W33: LTVP | X33: Data Engineer | Y33: Azure, SQL, Python | Z33: JIRA, Power BI | AA33: {=_xlfn.TEXTJOIN(", ",TRUE,_xlfn._xlws.FILTER($AB$1:$AI$1,$AB33:$AI33="Yes"))} | AB33: Yes | AD33: Yes | AH33: Yes | AI33: Yes | AJ33: Cloud Engineer | AK33: Platform C1 project (ENG-014, Platform C1 - Implementation Release 2 and 3) | AL33: Masked Person 61
A34: Masked Person 53 | B34: Male | C34: Senior 1 | D34: Coming on bench in 15 week(s) | E34: 1 | F34: 1 | G34: 1 | H34: 1 | I34: 1 | J34: 1 | K34: 1 | L34: 1 | M34: 1 | N34: 1 | O34: Jul 2026 - Jan 2027 - Client B 100% Jan - Dec 2026 Client B 100% | P34: =IF($G34>=100%,"NA",IF(G34=0%,"Bench","Partial Bench")) | Q34: 0 | R34: 0 | S34: 0 | T34: 0 | V34: 46374 | W34: PR | X34: Infrastructure & Platform Engineer | Y34: AWS, Linux / Windows OS, Bash Scripting, SQL, SAS Viya RHEL, SQL, Hyper-V, CIS, Nessus / VAPT remediation, Bash, PowerShell, AWS | Z34: Azure, AD, Docker, AppDynamics Azure, Nutanix, Ansible, SAS 9.4, SAS Viya 3.5, Splunk, NetBackup, Commvault, Windows Server administration | AA34: {=_xlfn.TEXTJOIN(", ",TRUE,_xlfn._xlws.FILTER($AB$1:$AI$1,$AB34:$AI34="Yes"))} | AG34: Yes | AI34: Yes | AJ34: Cloud Engineer Data Solution Architect | AK34: Client B - System B1 Maintenance Yr 4 - ENG-013 Client B - System B1 Maintenance & Support YR 2 to 5 - ENG-006 | AL34: Masked Person 11
A35: Masked Person 55 | B35: Male | C35: Manager 3 | D35: Benching for 7 week(s) | E35: 0 | F35: 0 | G35: 0 | H35: 0 | I35: 0 | J35: 0 | K35: 0 | L35: 0 | M35: 0 | N35: 0 | O35: Jan - Oct 2026 - Platform C1 60% | P35: =IF($G35>=100%,"NA",IF(G35=0%,"Bench","Partial Bench")) | Q35: 0.2 | R35: 0.2 | S35: 0.2 | T35: 0.8 | W35: PR | X35: Technical Lead | Y35: AWS, Azure, Hadoop, Cloudera, Azure Synapse Analytics | Z35: Microsoft SQL Server, Java, Visual Basic, Git, PySpark | AA35: {=_xlfn.TEXTJOIN(", ",TRUE,_xlfn._xlws.FILTER($AB$1:$AI$1,$AB35:$AI35="Yes"))} | AB35: Yes | AI35: Yes | AJ35: - | AK35: Client C - Platform C1 - Implementation Release 2 and 3 - ENG-014 | AL35: Masked Person 61
A36: Masked Person 57 | B36: Female | C36: Manager 3 | D36: Coming on bench in 16 week(s) | E36: 1.06164 | F36: 1.06164 | G36: 1.06164 | H36: 1.06164 | I36: 1.06164 | J36: 1.06164 | K36: 1.06164 | L36: 1.06164 | M36: 1.06164 | N36: 1.06164 | O36: August 2026 - April 2027 - Project K1 100% | P36: =IF($G36>=100%,"NA",IF(G36=0%,"Bench","Partial Bench")) | Q36: 0 | R36: 0 | S36: 0 | T36: 0 | U36: 0 | W36: EP | X36: AI Strategy Project Lead, Service Delivery Lead, Technical Project Manager | Y36: SAP, Tricentis and HP project management tools, Project Management, AI Strategy and planning | Z36: Onestream, Outsystems, LoadRunner, Katalon, JIRA, ADO, ALM | AA36: {=_xlfn.TEXTJOIN(", ",TRUE,_xlfn._xlws.FILTER($AB$1:$AI$1,$AB36:$AI36="Yes"))} | AE36: Yes | AH36: Yes | AJ36: Data Governance | AK36: Client K XP&A_CNS_FY26 - ENG-015 | AL36: Masked Person 58
A37: Masked Person 59 | B37: Male | C37: Staff/Assistant 2 | D37: Coming on bench in 15 week(s) | E37: 1.06557 | F37: 1.06557 | G37: 1.06557 | H37: 1.06557 | I37: 1.06557 | J37: 1.06557 | K37: 1.06557 | L37: 1.06557 | M37: 1.06557 | N37: 1.06557 | O37: Jan - Dec 2026 - Client A 100% | P37: =IF($G37>=100%,"NA",IF(G37=0%,"Bench","Partial Bench")) | Q37: 0 | R37: 0 | S37: 0 | T37: 1 | V37: 46418 | W37: LTVP | X37: Data Engineer | Y37: Pyspark PySpark, Azure Data Factory | Z37: SQL, Azure Azure Cloud, SQLa | AA37: {=_xlfn.TEXTJOIN(", ",TRUE,_xlfn._xlws.FILTER($AB$1:$AI$1,$AB37:$AI37="Yes"))} | AB37: Yes | AI37: Yes | AJ37: Data Engineer | AK37: Client A - Platform A1 (GovCloud) - ENG-017 | AL37: Masked Person 1
A38: Masked Person 60 | B38: Male | C38: Manager 1 | D38: Coming on bench in 2 week(s) | E38: 0.34013667 | F38: 0.17006833 | G38: 1.02041 | H38: 1.02041 | I38: 1.02041 | J38: 0 | K38: 0 | L38: 0 | M38: 0 | N38: 0 | O38: Sep 2026 - Jan 2027 - none (TBD) July 2026 - Aug 2026 - Project F2 100% Jan - Jul 2026 Client C 100% Jul - Oct 2026 Client C 50% | P38: =IF($G38>=100%,"NA",IF(G38=0%,"Bench","Partial Bench")) | Q38: 0 | R38: 0 | S38: 0 | T38: 0 | V38: 46396 | W38: EP | X38: Technical Lead | Y38: Azure (Cloud, Data & AI), AI/LLM systems and orchestration, Full Stack development (Node, Java, Python, JS/TS), Computer Vision/ML (Pytorch), Android Development (Kotlin, Java, Android Native with CPP) Python, Java, Kotlin, JavaScript, TypeScript, Docker, SQL, No SQL Fullstack Development with React FEs, Backend with Python, Node, Java, etc. Android Application Development with Kotlin & Java. Android Native with C++ Cloud: Azure AI/ML: Pytorch, and pytorch based python libraries like OpenMMLabs, ultralytics etc. AI on Edge (Android, OnPrem: TensorRT) LLM: Ollama, Langchain, LangGraph, etc. Containerization and Orchestration: Docker, Kubernetes | Z38: Cloud: AWS Data Engineering: PySpark, Synapse Analytics, Snowflake, Data Bricks IAC: Terraform | AA38: {=_xlfn.TEXTJOIN(", ",TRUE,_xlfn._xlws.FILTER($AB$1:$AI$1,$AB38:$AI38="Yes"))} | AB38: Yes | AI38: Yes | AJ38: AI Solution Architect Devops, Docker, CI/CD, AWS AI Solution Architect | AK38: ENG-023 (Project F2) Client C - Platform C1 - Implementation Release 2 and 3 - ENG-014 | AL38: Masked Person 29 Masked Person 61
A39: Masked Person 63 | B39: Male | C39: Staff/Assistant 2 | D39: Coming on bench in 15 week(s) | E39: 1.02042 | F39: 1.0204108 | G39: 1.02042 | H39: 1.02042 | I39: 1.02042 | J39: 1.02042 | K39: 1.02042 | L39: 1.02042 | M39: 1.02042 | N39: 1.02042 | O39: Resigned & last date is 28 aug 2026 Jan - Dec 2026 Client B 100% | P39: =IF($G39>=100%,"NA",IF(G39=0%,"Bench","Partial Bench")) | Q39: 0 | R39: 0 | S39: 0 | T39: 0 | W39: Singaporean | X39: Data Engineer | Y39: SQL (MSSQL, Postgres), SAS, Linux, Tableau, Metabase, SAS, Microsoft Office, Google Suite | Z39: Neo4j, Python, Neo4j (console, browser, Bloom), VS Studio, Github, Confluence, Figma, Canva, JIRA | AA39: {=_xlfn.TEXTJOIN(", ",TRUE,_xlfn._xlws.FILTER($AB$1:$AI$1,$AB39:$AI39="Yes"))} | AB39: Yes | AD39: Yes | AF39: Yes | AJ39: Data Engineer | AK39: Client B - System B1 Maintenance & Support YR 2 to 5 - ENG-006 | AL39: Masked Person 11
A40: Masked Person 64 | B40: Female | C40: Intern (CS) 1 | D40: Coming on bench in 3 week(s) | E40: 0.57299 | F40: 0.286495 | G40: 1.92144 | H40: 1.92144 | I40: 1.5165 | J40: 0 | K40: 0 | L40: 0 | M40: 0 | N40: 0 | O40: June 2026 - Client I 100% June - Sept2026 - Client F 100% Internship until 11 Dec | P40: =IF($G40>=100%,"NA",IF(G40=0%,"Bench","Partial Bench")) | Q40: 0 | R40: 0 | S40: 0 | T40: 0 | V40: 46265 | W40: Singaporean | X40: Data and AI Intern, AI Developer, Full Stack Engineer | Y40: Languages: Python, Java, JavaScript, TypeScript, SQL, C, C++, Golang, PostgresSQL AI/ML: PyTorch, TensorFlow, NumPy, Pandas, HuggingFace, LangChain, OpenAI, Claude Full-Stack: React Native, Expo, Node.js Cloud: Microsoft Azure, AWS, Google Cloud, Railway, Supabase, Microsoft Onelake Developer Tools: Git/GitHub, Jest, Gradle Java, Python, TypeScript, React Native, PostgreSQL | Z40: Languages: Python, Java, JavaScript, TypeScript, SQL, C, C++, Golang, PostgresSQL AI/ML: PyTorch, TensorFlow, NumPy, Pandas, HuggingFace, LangChain, OpenAI, Claude Full-Stack: React Native, Expo, Node.js Cloud: Microsoft Azure, AWS, Google Cloud, Railway, Supabase, Microsoft Onelake Developer Tools: Git/GitHub, Jest, Gradle AI, Deep Learning, Data Modelling, Machine Learning | AA40: {=_xlfn.TEXTJOIN(", ",TRUE,_xlfn._xlws.FILTER($AB$1:$AI$1,$AB40:$AI40="Yes"))} | AB40: Yes | AE40: Yes | AJ40: GenAI/AI Engineer, AI Analytics | AK40: Project F2, Project I1 - ENG-022, ENG-023 Project F2 | AL40: Masked Person 29
A41: Masked Person 66 | B41: Male | C41: Intern (CS) 1 | D41: Benching for 6 week(s) | E41: 0 | F41: 0 | G41: 0 | H41: 0 | I41: 0 | J41: 0 | K41: 0 | L41: 0 | M41: 0 | N41: 0 | O41: July - December 2026 - Client G Mar - Aug 2026 - Client G Internship until 11 December | P41: =IF($G41>=100%,"NA",IF(G41=0%,"Bench","Partial Bench")) | Q41: 0 | R41: 0 | S41: 0 | T41: 0 | U41: 100 | V41: 46338 | W41: EP | X41: AI Developer RFPs creation, Product Mgmt, Documentation | Y41: Python, LLM / RAG Python, C++, HTML, CSS, Javascript, NodeJS, ExpressJS | Z41: Claude Code, codex, SQL, R | AA41: {=_xlfn.TEXTJOIN(", ",TRUE,_xlfn._xlws.FILTER($AB$1:$AI$1,$AB41:$AI41="Yes"))} | AB41: Yes | AE41: Yes | AJ41: Management Consultant / AI Engineer Data Scientist / Business Analyst / Management consultant | AK41: Client G S/4HANA Implementation - ENG-016 | AL41: Masked Person 37
A42: Masked Person 67 | B42: Female | C42: Intern (CS) 1 | D42: Coming on bench in 32 week(s) | E42: 1.05381 | F42: 1.05381 | G42: 1.05381 | H42: 1.05381 | I42: 1.05381 | J42: 1.05381 | K42: 1.05381 | L42: 1.05381 | M42: 1.05381 | N42: 1.05381 | O42: May 2026 - Apr 2027 - Client A 100% Internship until 9 April 2027 | P42: =IF($G42>=100%,"NA",IF(G42=0%,"Bench","Partial Bench")) | Q42: 0 | R42: 0 | S42: 0 | T42: 0 | X42: Data Engineer | Y42: Python, MySQL, Microsoft Azure | Z42: Linux, AWS, Docker, ML (Scikit-learn, Pandas) | AA42: {=_xlfn.TEXTJOIN(", ",TRUE,_xlfn._xlws.FILTER($AB$1:$AI$1,$AB42:$AI42="Yes"))} | AB42: Yes | AE42: Yes | AI42: Yes | AJ42: Data Scientist/AI Engineer | AK42: Client A - Platform A1 (GovCloud) - ENG-017 | AL42: Masked Person 1
A43: Masked Person 68 | B43: Male | C43: Manager 2 | D43: Coming on bench in 2 week(s) | E43: 0.29856 | F43: 0.14928 | G43: 1.31136 | H43: 1.31136 | I43: 0.48 | J43: 0 | K43: 0 | L43: 0 | M43: 0 | N43: 0 | O43: Jul - Sept 2026 - Client F Project F2 75%, Jul - Sept 2026 - Client L 20% Jul - Sept 2026 - Project I1 5% Oct 2026 - Feb 2027 - Project I1 100% 100% allocated across Client C, Client B, Client AH, Client AI, Client AJ | P43: =IF($G43>=100%,"NA",IF(G43=0%,"Bench","Partial Bench")) | Q43: 0 | R43: 0.45 | S43: 0.45 | T43: 0.45 | U43: 100 | V43: 9/30/2026 | W43: PR | X43: Manager Senior AI Developer, Data Quality Manager | Y43: Python, LLM/RAG Python, C++, VS Code, VS, OPENAI LIB, AI Agent, PyTorch, Computer Vision | Z43: JIRA, Docker Devops ( On premise) | AA43: {=_xlfn.TEXTJOIN(", ",TRUE,_xlfn._xlws.FILTER($AB$1:$AI$1,$AB43:$AI43="Yes"))} | AE43: Yes | AH43: Yes | AI43: Yes | AJ43: AI Engineer Cloud Platforms, MLOps | AK43: Project F2, Project I1 - ENG-022 | AL43: Masked Person 29
A44: Masked Person 70 | B44: Male | C44: Staff/Assistant 2 | D44: Coming on bench in 15 week(s) | E44: 1.05594 | F44: 1.05594 | G44: 1.05594 | H44: 1.05594 | I44: 1.05594 | J44: 1.05594 | K44: 1.05594 | L44: 1.05594 | M44: 1.05594 | N44: 1.05594 | O44: Jun - Dec 2026 - Client A Platform A1 Maintenance Phase 1 &2 -100% May - Dec 2026 - Client A 100% | P44: =IF($G44>=100%,"NA",IF(G44=0%,"Bench","Partial Bench")) | Q44: 0 | R44: 0 | S44: 0 | T44: 0 | U44: 100 | V44: 12/31/2026 | W44: PR | X44: Data engineer AI Engineer (Former employer 1) | Y44: LLM/RAG Agentic AI, Multi‑Agent Orchestration, Autonomous Reasoning (ReAct, Planning, Reflection), LLMs, RAG, MCP, Python, LangChain | Z44: Python LLMOps (Docker, GCP), LangGraph, LangSmith, CI/CD (GitHub Actions), FastAPI, Vector Databases (Pinecone, Chroma, Supabase) | AA44: {=_xlfn.TEXTJOIN(", ",TRUE,_xlfn._xlws.FILTER($AB$1:$AI$1,$AB44:$AI44="Yes"))} | AE44: Yes | AI44: Yes | AJ44: AI Engineer GenAI Engineer / AI Architect | AK44: Client A - Platform A1 Maintenance Phase 1 &2 - ENG-003 | AL44: Masked Person 1
A45: Masked Person 71 | B45: Male | C45: Senior 1 | D45: Benching for 7 week(s) | E45: 0 | F45: 0 | G45: 0 | H45: 0 | I45: 0 | J45: 0 | K45: 0 | L45: 0 | M45: 0 | N45: 0 | O45: Jul - Jan 2027 - Client B 100% | P45: =IF($G45>=100%,"NA",IF(G45=0%,"Bench","Partial Bench")) | Q45: 0 | R45: 0 | S45: 0 | T45: 0 | U45: 100 | V45: 1/29/2027 | W45: EP | X45: Data Engineer | Y45: Azure, GCP, AWS, GenAI, Agentic AI, Python , Talend , Pyspark | Z45: JIRA , Confluence, Git, Devops, Infra, Cybersecurity | AA45: {=_xlfn.TEXTJOIN(", ",TRUE,_xlfn._xlws.FILTER($AB$1:$AI$1,$AB45:$AI45="Yes"))} | AB45: Yes | AE45: Yes | AH45: Yes | AJ45: Data and AI Engineer, GenAI Engineer, Agentic Engineer | AK45: Client B - System B1 SAS Upgrade - 3.5 - ENG-010 | AL45: Masked Person 11
A46: Masked Person 72 | B46: Male | C46: Staff/Assistant 2 | D46: Coming on bench in 15 week(s) | E46: 1.08911 | F46: 1.08911 | G46: 1.08911 | H46: 1.08911 | I46: 1.08911 | J46: 1.08911 | K46: 1.08911 | L46: 1.08911 | M46: 1.08911 | N46: 1.08911 | O46: Dec 2025 - end 2026 Client A100% | P46: =IF($G46>=100%,"NA",IF(G46=0%,"Bench","Partial Bench")) | Q46: 0 | R46: 0 | S46: 0 | T46: 0 | W46: EP | X46: Data Engineer | Y46: Azure, Anaplan, Python, Pyspark, SQL | Z46: Databricks, Java, C++ | AA46: {=_xlfn.TEXTJOIN(", ",TRUE,_xlfn._xlws.FILTER($AB$1:$AI$1,$AB46:$AI46="Yes"))} | AB46: Yes | AI46: Yes | AJ46: AI Engineer | AK46: Client A - Platform A1 (GovCloud) - ENG-017, Project C3 | AL46: Masked Person 1, Masked Person 40
A47: Masked Person 73 | B47: Male | C47: Senior 2 | D47: Coming on bench in 15 week(s) | E47: 1 | F47: 1 | G47: 1 | H47: 1 | I47: 1 | J47: 1 | K47: 1 | L47: 1 | M47: 1 | N47: 1 | O47: Jul 2026 - Jan 2027 - Client D 100% Jan - Dec 2026 - Client D 100% | P47: =IF($G47>=100%,"NA",IF(G47=0%,"Bench","Partial Bench")) | Q47: 0 | R47: 0 | S47: 0 | T47: 0 | U47: 100 | V47: 1/31/2026 | W47: PR | X47: Tech lead, Data engineer, Cloud engineer, Infra engineer | Y47: AWS, Linux, Databricks, Python, SAS, Microsoft Power BI AWS, Linux, SAS, SQL | Z47: Azure, Tableau, Docker Git, Terraform, Jenkins, Ansible, Kubernetes, Databricks, Agentic AI | AA47: {=_xlfn.TEXTJOIN(", ",TRUE,_xlfn._xlws.FILTER($AB$1:$AI$1,$AB47:$AI47="Yes"))} | AB47: Yes | AD47: Yes | AI47: Yes | AJ47: AI and Data Engineer DevOps Engineer | AK47: Client D - Platform D1 GovCloud Migration - M&S - ENG-008 | AL47: Masked Person 11
A48: Masked Person 76 | B48: Male | C48: Staff/Assistant 2 | D48: Coming on bench in 15 week(s) | E48: 1.07143 | F48: 1.07143 | G48: 1.07143 | H48: 1.07143 | I48: 1.07143 | J48: 1.07143 | K48: 1.07143 | L48: 1.07143 | M48: 1.07143 | N48: 1.07143 | O48: Jul 2026 - Jan 2027 Client A GovCloud P3 100% Jan 2026 - Dec 2026 Client A 100% | P48: =IF($G48>=100%,"NA",IF(G48=0%,"Bench","Partial Bench")) | Q48: 0 | R48: 0 | S48: 0 | T48: 0 | W48: Singaporean | X48: Data engineer in GovCloud Platform A1 project | Y48: Azure, Python Microsoft Azure, Python / Spark/ SQL | Z48: JIRA, SQL R, Power Bi, Tableau | AA48: {=_xlfn.TEXTJOIN(", ",TRUE,_xlfn._xlws.FILTER($AB$1:$AI$1,$AB48:$AI48="Yes"))} | AB48: Yes | AD48: Yes | AI48: Yes | AJ48: AI Engineer | AK48: Client A - Platform A1 in GovCloud - ENG-004 | AL48: Masked Person 1
A49: Masked Person 78 | B49: Female | C49: Staff/Assistant 1 | D49: Benching for 5 week(s) | E49: 0 | F49: 0 | G49: 0 | H49: 0 | I49: 0 | J49: 0 | K49: 0 | L49: 0 | M49: 0 | N49: 0 | O49: Jan 2026 - Dec 2026 Client A 100% | P49: =IF($G49>=100%,"NA",IF(G49=0%,"Bench","Partial Bench")) | Q49: 0 | R49: 1 | S49: 1 | T49: 1 | W49: Singaporean | X49: Data Engineer | Y49: Azure, Python, SQL, MySQL, Terraform | Z49: Q, Power BI, React, DAX, Snowflake | AA49: {=_xlfn.TEXTJOIN(", ",TRUE,_xlfn._xlws.FILTER($AB$1:$AI$1,$AB49:$AI49="Yes"))} | AB49: Yes | AD49: Yes | AI49: Yes | AJ49: Data Scientist / AI - ML Engineer | AK49: Client A - Platform A1 in GovCloud - ENG-004
A50: Masked Person 79 | B50: Male | C50: Senior 3 | D50: Coming on bench in 36 week(s) | E50: 1 | F50: 1 | G50: 1 | H50: 1 | I50: 1 | J50: 1 | K50: 1 | L50: 1 | M50: 1 | N50: 1 | O50: Aug 2026 - Jan 2027 - Client A 100% Jan 2026 - Dec Client A 100% | P50: =IF($G50>=100%,"NA",IF(G50=0%,"Bench","Partial Bench")) | Q50: 0 | R50: 0 | S50: 0 | T50: 0 | U50: Our project ends in end April 2027 | V50: 46507 | W50: Singaporean | X50: Application Lead, Data Engineer ETL Lead, Assistant App Lead | Y50: Azure Data Factory, Azure Synapse Analytics, Python, PySpark, Microsoft Power Bi PySpark, Python, Azure Data Factory, Synapse, Azure DevOps, SQL | Z50: Neo4j Power BI, Neo4j, SAS EG | AA50: {=_xlfn.TEXTJOIN(", ",TRUE,_xlfn._xlws.FILTER($AB$1:$AI$1,$AB50:$AI50="Yes"))} | AB50: Yes | AD50: Yes | AJ50: Looking to gain AI and ML Ops experience Data Engineer Lead, Would also like to learn some AI Skills | AK50: Client A - Platform A1 (GovCloud) - ENG-017 | AL50: Masked Person 1
A51: Masked Person 80 | B51: Female | C51: Staff/Assistant 1 | D51: Coming on bench in 15 week(s) | E51: 1 | F51: 1 | G51: 1 | H51: 1 | I51: 1 | J51: 1 | K51: 1 | L51: 1 | M51: 1 | N51: 1 | O51: July 2026 - Jan 2027 - Client A 100% Jan - Dec 2026 - Client A 100% | P51: =IF($G51>=100%,"NA",IF(G51=0%,"Bench","Partial Bench")) | Q51: 0 | R51: 0 | S51: 0 | T51: 0 | V51: 46387 | W51: Singaporean | X51: Data Engineer | Y51: Microsoft Power BI, Python Python, Java, SQL, HTML, C++, Pytorch, Scikit-Learn | Z51: Governance (Ms Purview & Alation) Microsoft Purview, Microsoft Azure, Microsoft Fabric | AA51: {=_xlfn.TEXTJOIN(", ",TRUE,_xlfn._xlws.FILTER($AB$1:$AI$1,$AB51:$AI51="Yes"))} | AD51: Yes | AF51: Yes | AI51: Yes | AJ51: Data Engineer Data Scientist | AK51: Client A - Platform A1 in GovCloud - ENG-004 Client A - Platform A1 Maintenance Phase 1 &2 - ENG-003 | AL51: Masked Person 1
A52: Masked Person 81 | B52: Male | C52: Staff/Assistant 1 | D52: Coming on bench in 15 week(s) | E52: 1 | F52: 1 | G52: 1 | H52: 1 | I52: 1 | J52: 1 | K52: 1 | L52: 1 | M52: 1 | N52: 1 | O52: July 2026 - Jan 2027 - System B1/Client B 100% Jan 2026 - Dec 2026 Client B 100% | P52: =IF($G52>=100%,"NA",IF(G52=0%,"Bench","Partial Bench")) | Q52: 0 | R52: 0 | S52: 0 | T52: 0 | U52: 100 | V52: 46387 | W52: Singaporean | X52: Data Engineer | Y52: SAS, SQL Data Engineer / Analyst | Z52: Python Tableau , Data Governance Data Governance | AA52: {=_xlfn.TEXTJOIN(", ",TRUE,_xlfn._xlws.FILTER($AB$1:$AI$1,$AB52:$AI52="Yes"))} | AB52: Yes | AD52: Yes | AF52: Yes | AJ52: Cloud engineer, AI/ML Ops Engineer Data Scientist / Analyst | AK52: Client B - System B1 - Maintenance and Support - ENG-002 | AL52: Masked Person 11
A53: Masked Person 83 | B53: Male | C53: Manager 2 | D53: Coming on bench in 15 week(s) | E53: 1.05674 | F53: 1.05674 | G53: 1.05674 | H53: 1.05674 | I53: 1.05674 | J53: 1.05674 | K53: 1.05674 | L53: 1.05674 | M53: 1.05674 | N53: 1.05674 | O53: Client S Aug 2026- Jan 2027 Currently on bench Jan - June 2026 Client F 100% | P53: =IF($G53>=100%,"NA",IF(G53=0%,"Bench","Partial Bench")) | Q53: 0 | R53: 0 | S53: 0 | T53: 0 | U53: 0 | W53: EP | X53: Technical Project Manager | Y53: AWS, Software Development, Data Engineering, Python, SQL AI & Data Platform Engineering (Hybrid Cloud, Data Integration, GenAI Enablement) | Z53: Generative AI, LLM Fine-Tuning, Terraform, DevOps, Solution Architecture,Docker, JIRA Solution Design & Cloud Engineering | AA53: {=_xlfn.TEXTJOIN(", ",TRUE,_xlfn._xlws.FILTER($AB$1:$AI$1,$AB53:$AI53="Yes"))} | AB53: Yes | AE53: Yes | AI53: Yes | AJ53: AI/ML Solutions Architect and Engineer, specializing in Generative AI, Large Language Models (LLMs), and cloud-based AI platforms AI/Data/Cloud Platform Architect | AK53: Client F - Project F1 - ENG-021 | AL53: Masked Person 29
A54: Masked Person 87 | B54: Male | C54: Staff/Assistant 2 | D54: Coming on bench in 14 week(s) | E54: 1 | F54: 1 | G54: 1 | H54: 1 | I54: 1 | J54: 1 | K54: 1 | L54: 1 | M54: 1 | N54: 1 | O54: Jul - Jan 2027 - Client A GovCloud Platform A1 Phase 4 100% Jan - Dec 2026 Client A 100% | P54: =IF($G54>=100%,"NA",IF(G54=0%,"Bench","Partial Bench")) | Q54: 0 | R54: 0 | S54: 0 | T54: 0 | V54: 4/30/2027 | W54: EP | X54: Data Engineer | Y54: Python | Z54: Azure C++ | AA54: {=_xlfn.TEXTJOIN(", ",TRUE,_xlfn._xlws.FILTER($AB$1:$AI$1,$AB54:$AI54="Yes"))} | AB54: Yes | AE54: Yes | AI54: Yes | AJ54: Data Engineer | AK54: Client A - Platform A1 (GovCloud) - ENG-017 | AL54: Masked Person 1
A55: Masked Person 89 | B55: Male | C55: Staff/Assistant 1 | D55: Benching for 10 week(s) | E55: 0 | F55: 0 | G55: 0 | H55: 0 | I55: 0 | J55: 0 | K55: 0 | L55: 0 | M55: 0 | N55: 0 | O55: Jan - Dec 2026 - Client A Internship until 26 June | P55: =IF($G55>=100%,"NA",IF(G55=0%,"Bench","Partial Bench")) | Q55: 0 | R55: 0 | S55: 0 | T55: 0 | W55: Singaporean | X55: Client A Platform A1 | Y55: Python, SQL, R, Java, Spark, Git, PowerBI | Z55: Azure, Hadoop, Docker | AA55: {=_xlfn.TEXTJOIN(", ",TRUE,_xlfn._xlws.FILTER($AB$1:$AI$1,$AB55:$AI55="Yes"))} | AB55: Yes | AD55: Yes | AI55: Yes | AJ55: Data Scientist | AK55: Client A - Platform A1 (GovCloud) - ENG-017 | AL55: Masked Person 1
A56: Masked Person 90 | B56: Male | C56: Intern (CS) 1 | D56: Benching for 10 week(s) | E56: 0 | F56: 0 | G56: 0 | H56: 0 | I56: 0 | J56: 0 | K56: 0 | L56: 0 | M56: 0 | N56: 0 | O56: Client B, Client D, Client L Internship ending Dec 4 | P56: =IF($G56>=100%,"NA",IF(G56=0%,"Bench","Partial Bench")) | Q56: 0 | R56: 0 | S56: 0 | T56: 0 | U56: Aug2026-Dec2026-Client R Aug2026-Dec2026-Client C Aug2026-Dec2026-Client B | V56: 46124 | W56: STP | X56: Tech Intern | Y56: Figma | Z56: Rhino Blender | AA56: {=_xlfn.TEXTJOIN(", ",TRUE,_xlfn._xlws.FILTER($AB$1:$AI$1,$AB56:$AI56="Yes"))} | AD56: Yes | AJ56: UIUX | AK56: Client B - System B1 - Maintenance and Support - ENG-002 (70%), Client AC, Client P, Client AK, Client L, Client H, Client R Client Study, Client C | AL56: Masked Person 11 , Masked Person 24, Masked Person 40, Masked Person 16
A57: Masked Person 91 | B57: Female | C57: Staff/Assistant 2 | D57: Coming on bench in 28 week(s) | E57: 1.07051 | F57: 1.07051 | G57: 1.07051 | H57: 1.07051 | I57: 1.07051 | J57: 1.07051 | K57: 1.07051 | L57: 1.07051 | M57: 1.07051 | N57: 1.07051 | O57: Apr 2026 - Apr 2027 - Client M | P57: =IF($G57>=100%,"NA",IF(G57=0%,"Bench","Partial Bench")) | Q57: 0 | R57: 0 | S57: 0 | T57: 0 | U57: 1 | V57: 4/30/2027 | W57: Singaporean | X57: Enterprise Performance Management (EPM) System consultant/ Data engineer | Y57: Python, Power BI, Tableau | Z57: Azure, Tagetik | AA57: {=_xlfn.TEXTJOIN(", ",TRUE,_xlfn._xlws.FILTER($AB$1:$AI$1,$AB57:$AI57="Yes"))} | AB57: Yes | AD57: Yes | AI57: Yes | AJ57: Data Engineer | AK57: Client M Client N - Project N1 - ENG-012 | AL57: Masked Person 40 Masked Person 21?
A58: Masked Person 92 | B58: Male | C58: Staff/Assistant 1 | D58: Coming on bench in 15 week(s) | E58: 1 | F58: 1 | G58: 1 | H58: 1 | I58: 1 | J58: 1 | K58: 1 | L58: 1 | M58: 1 | N58: 1 | O58: July 2026 - Jan 2027 - Client G 100% Mar - June 2026 - Client G 50% July - Dec 2026 - Client A 100% | P58: =IF($G58>=100%,"NA",IF(G58=0%,"Bench","Partial Bench")) | Q58: 0 | R58: 1 | S58: 1 | T58: 1 | V58: 46446 | W58: Singaporean | X58: AI Developer Data Analyst, AI Developer (Client G) | Y58: Python, Azure, Microsoft Fabric, Microsoft Foundry, ML, AI development, AI Governance and Guardrails, LLM/RAG Python, PySpark, SQL, C#, ML workflows, Scikit-learn, NLP, Azure Doc Intelligence | Z58: Java, C#, C++, Snowflake Java, C++, Ruby | AA58: {=_xlfn.TEXTJOIN(", ",TRUE,_xlfn._xlws.FILTER($AB$1:$AI$1,$AB58:$AI58="Yes"))} | AB58: Yes | AE58: Yes | AJ58: AI Developer, AI Strategy Cloud Architecture, AI Development, AI Strategy | AK58: Client G S/4HANA Implementation - ENG-016 | AL58: Masked Person 37
A59: Masked Person 93 | B59: Male | C59: Intern (CS) 1 | D59: Coming on bench in 11 week(s) | E59: 1.02759 | F59: 0.9419575 | G59: 1.02759 | H59: 1.02759 | I59: 1.02759 | J59: 1.02759 | K59: 1.02759 | L59: 1.02759 | M59: 1.02759 | N59: 1.02759 | O59: May - Dec 2026 - Client A 100% Internship until 4 Dec 2026 | P59: =IF($G59>=100%,"NA",IF(G59=0%,"Bench","Partial Bench")) | Q59: 0 | R59: 0 | S59: 0 | T59: 0 | W59: Singaporean | X59: Machine Learning Developer | Y59: Python, C, C++, Assembly Language | Z59: SQL, MySQL, Power BI | AA59: {=_xlfn.TEXTJOIN(", ",TRUE,_xlfn._xlws.FILTER($AB$1:$AI$1,$AB59:$AI59="Yes"))} | AB59: Yes | AD59: Yes | AE59: Yes | AJ59: AI | AK59: Client A - Platform A1 (GovCloud) - ENG-017 | AL59: Masked Person 1
A60: Masked Person 95 | B60: Female | C60: Senior 1 | D60: Coming on bench in 15 week(s) | E60: 1 | F60: 1 | G60: 1 | H60: 1 | I60: 1 | J60: 1 | K60: 1 | L60: 1 | M60: 1 | N60: 1 | O60: July - Jan 2027 - Client B 100% Jan 2026 - Dec 2026 Client B 100% | P60: =IF($G60>=100%,"NA",IF(G60=0%,"Bench","Partial Bench")) | Q60: 0 | R60: 0 | S60: 0 | T60: 0 | U60: 100 | V60: 12/31/2026 | W60: PR | X60: Data engineer Maintenance and support lead | Y60: SAS, Linux, SQL, Python SAS, Postman, Alicloud, Microsoft Azure, MySql, Linux | Z60: Java, Azure Python, Java, C++, HTML, CSS, Databricks | AA60: {=_xlfn.TEXTJOIN(", ",TRUE,_xlfn._xlws.FILTER($AB$1:$AI$1,$AB60:$AI60="Yes"))} | AB60: Yes | AI60: Yes | AJ60: Data Engineer AI Engineer | AK60: Client B - System B1 Maintenance & Support YR 2 to 5 - ENG-006 | AL60: Masked Person 11
A61: Masked Person 96 | B61: Female | C61: Manager 3 | D61: Benching for 7 week(s) | E61: 0 | F61: 0 | G61: 0 | H61: 0 | I61: 0 | J61: 0 | K61: 0 | L61: 0 | M61: 0 | N61: 0 | O61: Aug 2026 - Apr 2027 Client A 100% | P61: =IF($G61>=100%,"NA",IF(G61=0%,"Bench","Partial Bench")) | Q61: 0 | R61: 0 | S61: 0 | T61: 0 | W61: PR | X61: Data scientist/ scrum master and project manager | Y61: cloud platform such as Azure | Z61: Python/pyspark | AA61: {=_xlfn.TEXTJOIN(", ",TRUE,_xlfn._xlws.FILTER($AB$1:$AI$1,$AB61:$AI61="Yes"))} | AB61: Yes | AE61: Yes | AI61: Yes | AK61: Client A - Platform A1 (GovCloud) - ENG-017 Client A - Platform A1 Maintenance Phase 1 &2 - ENG-003 Client A - Platform A1 in GovCloud - ENG-004 | AL61: Masked Person 1
A62: Masked Person 11 | B62: Male | C62: Senior Manager 1 | D62: Benching for 10 week(s) | E62: 0 | F62: 0 | G62: 0 | H62: 0 | I62: 0 | J62: 0 | K62: 0 | L62: 0 | M62: 0 | N62: 0 | P62: =IF($G62>=100%,"NA",IF(G62=0%,"Bench","Partial Bench")) | W62: PR (Malaysian) | X62: System Migration | Y62: Data Architect | AJ62: AI Philosopist
A63: Masked Person 16 | B63: Female | C63: Senior Manager 3 | D63: Benching for 10 week(s) | E63: 0 | F63: 0 | G63: 0 | H63: 0 | I63: 0 | J63: 0 | K63: 0 | L63: 0 | M63: 0 | N63: 0 | P63: =IF($G63>=100%,"NA",IF(G63=0%,"Bench","Partial Bench")) | W63: EP (Indian) | X63: Project Lead | Y63: Project Management, Business Analysis
A64: Masked Person 29 | B64: Male | C64: Senior Manager 3 | D64: Benching for 10 week(s) | E64: 0 | F64: 0 | G64: 0 | H64: 0 | I64: 0 | J64: 0 | K64: 0 | L64: 0 | M64: 0 | N64: 0 | P64: =IF($G64>=100%,"NA",IF(G64=0%,"Bench","Partial Bench")) | W64: EP (Indian) | Y64: AI Scientist (Machine Learning, Computer Vision, Language AI, Generative AI, Agentic AI) | Z64: AI Strategy & Consulting | AJ64: AI Scientist (Machine Learning, Computer Vision, Language AI, Generative AI, Agentic AI)
A65: Masked Person 40 | B65: Female | C65: Senior Manager 3 | D65: Benching for 10 week(s) | E65: 0 | F65: 0 | G65: 0 | H65: 0 | I65: 0 | J65: 0 | K65: 0 | L65: 0 | M65: 0 | N65: 0 | P65: =IF($G65>=100%,"NA",IF(G65=0%,"Bench","Partial Bench")) | W65: EP (Indian) | Y65: Data Governance | Z65: Data Processing with Python, Databricks | AJ65: AI Engineering
A66: Masked Person 61 | B66: Male | C66: Senior Manager 3 | D66: Benching for 10 week(s) | E66: 0 | F66: 0 | G66: 0 | H66: 0 | I66: 0 | J66: 0 | K66: 0 | L66: 0 | M66: 0 | N66: 0 | P66: =IF($G66>=100%,"NA",IF(G66=0%,"Bench","Partial Bench")) | W66: EP (Indian) | Y66: Project Management, Data Modeling, Data Governance, Pre-sales solution | Z66: Solution Architecture | AJ66: Data Practice management
A67: Masked Person 1 | B67: Male | C67: Senior Manager 1 | D67: Coming on bench in 15 week(s) | E67: 0.386667 | F67: 0.38664958 | G67: 0.386667 | H67: 0.386667 | I67: 0.386667 | J67: 0.386667 | K67: 0.386667 | L67: 0.386667 | M67: 0.386667 | N67: 0.386667 | P67: =IF($G67>=100%,"NA",IF(G67=0%,"Bench","Partial Bench")) | W67: Singaporean
A68: Masked Person 69 | B68: Male | C68: Senior Manager 1 | D68: Coming on bench in 15 week(s) | E68: 0.5 | F68: 0.5 | G68: 0.5 | H68: 0.5 | I68: 0.5 | J68: 0.5 | K68: 0.5 | L68: 0.5 | M68: 0.5 | N68: 0.5 | P68: =IF($G68>=100%,"NA",IF(G68=0%,"Bench","Partial Bench")) | W68: EP (Indian) | X68: Architect | Y68: Infra, Cloud Infra, GovCloud | Z68: DBA | AJ68: Enterprise Architect
A69: Masked Person 13 | B69: Female | C69: Senior Manager 1 | D69: Coming on bench in 32 week(s) | E69: 0.212121 | F69: 0.212121 | G69: 0.212121 | H69: 0.212121 | I69: 0.212121 | J69: 0.212121 | K69: 0.212121 | L69: 0.212121 | M69: 0.212121 | N69: 0.212121 | P69: =IF($G69>=100%,"NA",IF(G69=0%,"Bench","Partial Bench")) | W69: EP (Indian) | Y69: Project Management, Agile Delivery, Scrum | Z69: Data Governance | AJ69: AI Strategy and Governance
A70: Masked Person 17 | B70: Male | C70: Senior Manager 3 | D70: Coming on bench in 6 week(s) | E70: 0.0470833 | F70: 0.02354165 | G70: 0.0470833 | H70: 0.0470833 | I70: 0.0470833 | J70: 0.0470833 | K70: 0.0470833 | L70: 0.0470833 | M70: 0.0470833 | N70: 0 | P70: =IF($G70>=100%,"NA",IF(G70=0%,"Bench","Partial Bench")) | W70: PR (Indian) | Y70: AI Engineering, Solutions Development
A71: Masked Person 37 | B71: Female | C71: Senior Manager 3 | D71: Coming on bench in 6 week(s) | E71: 0.2 | F71: 0.1 | G71: 0.2 | H71: 0.2 | I71: 0.2 | J71: 0.2 | K71: 0.2 | L71: 0.2 | M71: 0.2 | N71: 0 | P71: =IF($G71>=100%,"NA",IF(G71=0%,"Bench","Partial Bench")) | W71: PR
A72: Masked Person 48 | B72: Male | C72: Intern (CS) 1 | D72: Coming on bench in 0 week(s) | E72: 0 | F72: 0 | G72: 0 | H72: 0 | I72: 0 | J72: 0 | K72: 0 | L72: 0 | M72: 0 | N72: 0 | O72: 0 | P72: 0 | Q72: 1 | R72: 1 | S72: 1 | T72: 1 | V72: SG Singapore

Sheet Utilization by Engagement
A1: Project | B1: Engagement Manager | C1: Resource | D1: Current Grade | E1: Start Date | F1: End Date | G1: Utilization % | H1: Actual Utilization | I1: Remarks
A2: Client A, Platform A1 | B2: Masked Person 1 | C2: Masked Person 1 | D2: =VLOOKUP(C2,Master!A:C,3,0) | F2: 46446 | G2: 0.6 | H2: =VLOOKUP(C2,'[2]AI & Data'!$B:$H,7,0)
C3: Masked Person 7 | D3: =VLOOKUP(C3,Master!A:C,3,0) | F3: 46276 | G3: 0.3 | H3: =VLOOKUP(C3,'[2]AI & Data'!$B:$H,7,0) | I3: Reserved for Client AK. Masked Person 42 recommended to reserve for Client R
C4: Masked Person 8 | D4: =VLOOKUP(C4,Master!A:C,3,0) | F4: 46507 | G4: 1 | H4: =VLOOKUP(C4,'[2]AI & Data'!$B:$H,7,0)
C5: Masked Person 49 | D5: =VLOOKUP(C5,Master!A:C,3,0) | F5: 46507 | G5: 1 | H5: 1
C6: Masked Person 59 | D6: =VLOOKUP(C6,Master!A:C,3,0) | F6: 46325 | G6: 1 | H6: =VLOOKUP(C6,'[2]AI & Data'!$B:$H,7,0)
C7: Masked Person 67 | D7: =VLOOKUP(C7,Master!A:C,3,0) | F7: 46507 | G7: 1 | H7: =VLOOKUP(C7,'[2]AI & Data'!$B:$H,7,0) | I7: Internship ending date is 9 April 2027
C8: Masked Person 79 | D8: =VLOOKUP(C8,Master!A:C,3,0) | F8: 46568 | G8: 1 | H8: =VLOOKUP(C8,'[2]AI & Data'!$B:$H,7,0)
C9: Masked Person 87 | D9: =VLOOKUP(C9,Master!A:C,3,0) | F9: 46568 | G9: 1 | H9: 1
C10: Masked Person 89 | D10: =VLOOKUP(C10,Master!A:C,3,0) | F10: 46568 | G10: 1 | H10: =VLOOKUP(C10,'[2]AI & Data'!$B:$H,7,0)
C11: Masked Person 93 | D11: =VLOOKUP(C11,Master!A:C,3,0) | F11: 46360 | G11: 1 | H11: =VLOOKUP(C11,'[2]AI & Data'!$B:$H,7,0) | I11: Internship ending date is 4 December 2026
C12: Masked Person 55 | D12: =VLOOKUP(C12,Master!A:C,3,0) | E12: 46258 | F12: 46446 | G12: 0.2 | H12: 0.2
C13: Masked Person 96 | D13: =VLOOKUP(C13,Master!A:C,3,0) | F13: 46568 | G13: 1 | H13: =VLOOKUP(C13,'[2]AI & Data'!$B:$H,7,0)
A16: Client A, Platform A1 Phase 2&3 | B16: Masked Person 13 | C16: Masked Person 13 | D16: =VLOOKUP(C16,Master!A:C,3,0) | F16: 46417 | G16: 0.2 | H16: 0.2 | I16: Client E : till 26 Oct : 20% , Client A : till 30 Jan : 20%
C17: Masked Person 3 | D17: =VLOOKUP(C17,Master!A:C,3,0) | F17: 46446 | G17: 1 | H17: =VLOOKUP(C17,'[2]AI & Data'!$B:$H,7,0)
C18: Masked Person 9 | D18: =VLOOKUP(C18,Master!A:C,3,0) | F18: 46325 | G18: 1 | H18: =VLOOKUP(C18,'[2]AI & Data'!$B:$H,7,0)
C19: Masked Person 27 | D19: =VLOOKUP(C19,Master!A:C,3,0) | F19: 46568 | G19: 0.6 | H19: 0.6 | I19: Client A: 60% till Feb 2027 then 30% till Jun 2027
C20: Masked Person 28 | D20: =VLOOKUP(C20,Master!A:C,3,0) | F20: 46568 | G20: 1 | H20: =VLOOKUP(C20,'[2]AI & Data'!$B:$H,7,0)
C21: Masked Person 70 | D21: =VLOOKUP(C21,Master!A:C,3,0) | F21: 46568 | G21: 1 | H21: =VLOOKUP(C21,'[2]AI & Data'!$B:$H,7,0)
C22: Masked Person 76 | D22: =VLOOKUP(C22,Master!A:C,3,0) | F22: 46568 | G22: 1 | H22: =VLOOKUP(C22,'[2]AI & Data'!$B:$H,7,0)
C23: Masked Person 80 | D23: =VLOOKUP(C23,Master!A:C,3,0) | F23: 46446 | G23: 1 | H23: =VLOOKUP(C23,'[2]AI & Data'!$B:$H,7,0)
C24: Masked Person 18 | D24: =VLOOKUP(C24,Master!A:C,3,0) | F24: 46273 | G24: 0.5 | H24: 0.5
C25: Masked Person 78 | D25: =VLOOKUP(C25,Master!A:C,3,0) | F25: 46325 | G25: 1 | H25: =VLOOKUP(C25,'[2]AI & Data'!$B:$H,7,0)
A28: Client B | B28: Masked Person 11 | C28: Masked Person 11 | D28: =VLOOKUP(C28,Master!A:C,3,0) | E28: 45566 | G28: 0.25 | H28: =VLOOKUP(C28,'[2]AI & Data'!$B:$H,7,0)
C29: Masked Person 7 | D29: =VLOOKUP(C29,Master!A:C,3,0) | F29: 46356 | G29: 0.5 | H29: =VLOOKUP(C29,'[2]AI & Data'!$B:$H,7,0)
C30: Masked Person 10 | D30: =VLOOKUP(C30,Master!A:C,3,0) | F30: 46606 | G30: 1 | H30: 1
C31: Masked Person 20 | D31: =VLOOKUP(C31,Master!A:C,3,0) | F31: 46606 | G31: 1 | H31: =VLOOKUP(C31,'[2]AI & Data'!$B:$H,7,0)
C32: Masked Person 31 | D32: =VLOOKUP(C32,Master!A:C,3,0) | F32: 46356 | G32: 1 | H32: 1 | I32: Masked Person 11: No plans to extend
C33: Masked Person 33 | D33: =VLOOKUP(C33,Master!A:C,3,0) | F33: 46418 | G33: 1 | H33: 1
C34: Masked Person 46 | D34: =VLOOKUP(C34,Master!A:C,3,0) | F34: 46418 | G34: 1 | H34: 1
C35: Masked Person 53 | D35: =VLOOKUP(C35,Master!A:C,3,0) | F35: 46630 | G35: 0.8 | H35: 1
C36: Masked Person 71 | D36: =VLOOKUP(C36,Master!A:C,3,0) | F36: 46606 | G36: 1 | H36: 1
C37: Masked Person 81 | D37: =VLOOKUP(C37,Master!A:C,3,0) | F37: 46295 | G37: 1 | H37: 1 | I37: Reserved for Client P from 1Oct - 31May2027. Resigned.
C38: Masked Person 90 | D38: =VLOOKUP(C38,Master!A:C,3,0) | F38: 46360 | G38: 1 | H38: 1 | I38: Till 4Dec which is her internship ending.
C39: Masked Person 95 | D39: =VLOOKUP(C39,Master!A:C,3,0) | F39: 46606 | G39: 1 | H39: 1
A42: Client D | B42: Masked Person 11 | C42: Masked Person 11 | D42: =VLOOKUP(C42,Master!A:C,3,0) | E42: 45139 | F42: 46387 | G42: 0.25 | H42: 0.5
C43: Masked Person 22 | D43: =VLOOKUP(C43,Master!A:C,3,0) | F43: 46661 | G43: 1 | H43: =VLOOKUP(C43,'[2]AI & Data'!$B:$H,7,0)
C44: Masked Person 41 | D44: =VLOOKUP(C44,Master!A:C,3,0) | F44: 46374 | G44: 1 | H44: =VLOOKUP(C44,'[2]AI & Data'!$B:$H,7,0) | I44: Internship ending date is 18 December 2026
C45: Masked Person 73 | D45: =VLOOKUP(C45,Master!A:C,3,0) | F45: 46661 | G45: 1 | H45: =VLOOKUP(C45,'[2]AI & Data'!$B:$H,7,0)
C46: Masked Person 46 | D46: =VLOOKUP(C46,Master!A:C,3,0) | E46: 46419 | F46: 46661 | G46: 1 | H46: =VLOOKUP(C46,'[2]AI & Data'!$B:$H,7,0)
A49: Client F | B49: Masked Person 29 | C49: Masked Person 29 | D49: =VLOOKUP(C49,Master!A:C,3,0) | G49: 0 | H49: =VLOOKUP(C49,'[2]AI & Data'!$B:$H,7,0)
C50: Masked Person 60 | D50: =VLOOKUP(C50,Master!A:C,3,0) | F50: 46276 | G50: 1
C51: Masked Person 68 | D51: =VLOOKUP(C51,Master!A:C,3,0) | E51: 46188 | F51: 46296 | G51: 0.55 | H51: =VLOOKUP(C51,'[2]AI & Data'!$B:$H,7,0) | I51: Client AD (BD) & Reserved for Client W or Client V (BD), will be on 100% bench after 1Oct
A54: Client J | B54: Masked Person 29 | C54: Masked Person 29 | D54: =VLOOKUP(C54,Master!A:C,3,0) | G54: 0 | I54: opportunity code yet to be created. Targeting to create by 10Sep2026
C55: Masked Person 25 | D55: =VLOOKUP(C55,Master!A:C,3,0) | E55: 46245 | F55: 46371 | G55: 1 | H55: =VLOOKUP(C55,'[2]AI & Data'!$B:$H,7,0)
C56: Masked Person 45 | D56: =VLOOKUP(C56,Master!A:C,3,0) | E56: 46245 | F56: 46283 | G56: 1 | H56: =VLOOKUP(C56,'[2]AI & Data'!$B:$H,7,0) | I56: Internship ending date is 18Sep2026.
C57: Masked Person 64 | D57: =VLOOKUP(C57,Master!A:C,3,0) | E57: 46245 | F57: 46371 | G57: 1 | H57: =VLOOKUP(C57,'[2]AI & Data'!$B:$H,7,0) | I57: Internship ending date is 11Dec2026.
A60: Client S | B60: Masked Person 29 | C60: Masked Person 29 | D60: =VLOOKUP(C60,Master!A:C,3,0) | E60: 46272 | F60: 46418 | G60: 0.15 | H60: 0.15 | I60: opportunity code yet to be created. Targeting to create by 10Sep2026 | J60: Projection on Masked Person 29''s chargeability
C61: Masked Person 35 | D61: =VLOOKUP(C61,Master!A:C,3,0) | E61: 46266 | F61: 46418 | G61: 1 | H61: =VLOOKUP(C61,'[3]AI & Data'!$B:$H,7,0)
C62: Masked Person 34 | D62: =VLOOKUP(C62,Master!A:C,3,0) | E62: 46266 | F62: 46418 | G62: 1 | H62: =VLOOKUP(C62,'[3]AI & Data'!$B:$H,7,0)
C63: Masked Person 83 | D63: =VLOOKUP(C63,Master!A:C,3,0) | E63: 46266 | F63: 46418 | G63: 1 | H63: =VLOOKUP(C63,'[3]AI & Data'!$B:$H,7,0)
C64: Masked Person 39 | D64: =VLOOKUP(C64,Master!A:C,3,0) | E64: 46272 | F64: 46418 | G64: 0.6 | I64: Till 31Oct - 60%, From 01Nov-31Jan2027 - 100%
A67: Client I | B67: Masked Person 29 | C67: Masked Person 29 | D67: =VLOOKUP(C67,Master!A:C,3,0) | H67: =VLOOKUP(C67,'[3]AI & Data'!$B:$H,7,0) | I67: All the resources are released and reserved for next engagements
C68: Masked Person 15 | D68: =VLOOKUP(C68,Master!A:C,3,0) | E68: 46198 | F68: 46266 | G68: 1 | H68: =VLOOKUP(C68,'[3]AI & Data'!$B:$H,7,0)
C69: Masked Person 19 | D69: =VLOOKUP(C69,Master!A:C,3,0) | E69: 46148 | F69: 46268 | G69: 0.5 | H69: =VLOOKUP(C69,'[3]AI & Data'!$B:$H,7,0)
C70: Masked Person 25 | D70: =VLOOKUP(C70,Master!A:C,3,0) | E70: 46054 | F70: 46266 | G70: 1 | H70: =VLOOKUP(C70,'[3]AI & Data'!$B:$H,7,0)
C71: Masked Person 45 | D71: =VLOOKUP(C71,Master!A:C,3,0) | E71: 46148 | F71: 46266 | G71: 1 | H71: =VLOOKUP(C71,'[3]AI & Data'!$B:$H,7,0)
A74: Client U | B74: Masked Person 16 | C74: Masked Person 16 | D74: =VLOOKUP(C74,Master!A:C,3,0) | E74: 46296 | F74: 46418 | G74: 0 | I74: Expecting to close the BD by End of Sep.
C75: Masked Person 60 | D75: =VLOOKUP(C75,Master!A:C,3,0) | E75: 46296 | F75: 46418 | G75: 1
C76: Masked Person 12 | D76: =VLOOKUP(C76,Master!A:C,3,0) | E76: 46296 | F76: 46418 | G76: 1
A79: Client C | B79: Masked Person 61 | C79: Masked Person 61 | D79: =VLOOKUP(C79,Master!A:C,3,0) | G79: 0 | H79: =VLOOKUP(C79,'[2]AI & Data'!$B:$H,7,0) | I79: Chargeabilty from 28Sep, 20% start with and till 6 months
C80: Masked Person 30 | D80: =VLOOKUP(C80,Master!A:C,3,0) | E80: 46237 | F80: 47603 | G80: 1 | H80: =VLOOKUP(C80,'[2]AI & Data'!$B:$H,7,0)
C81: Masked Person 44 | D81: =VLOOKUP(C81,Master!A:C,3,0) | E81: 46237 | F81: 46507 | G81: 1 | H81: =VLOOKUP(C81,'[2]AI & Data'!$B:$H,7,0)
C82: Masked Person 52 | D82: =VLOOKUP(C82,Master!A:C,3,0) | E82: 46237 | F82: 47603 | G82: 1 | H82: =VLOOKUP(C82,'[2]AI & Data'!$B:$H,7,0)
C83: Masked Person 55 | D83: =VLOOKUP(C83,Master!A:C,3,0) | E83: 46237 | F83: 46356 | G83: 0.6 | H83: =VLOOKUP(C83,'[2]AI & Data'!$B:$H,7,0)
C84: Masked Person 53 | D84: =VLOOKUP(C84,Master!A:C,3,0) | E84: 46237 | F84: 47603 | G84: 0.2 | H84: =VLOOKUP(C84,'[2]AI & Data'!$B:$H,7,0)
A87: Project C2 | B87: Masked Person 40 | C87: Masked Person 40 | D87: =VLOOKUP(C87,Master!A:C,3,0) | E87: 45691 | F87: 46326 | G87: 0.1 | H87: =VLOOKUP(C87,'[3]AI & Data'!$B:$H,7,0) | I87: increased to 30% when the investigation assistant starts for Project C2. Totally increased to 55%
C88: Masked Person 27 | D88: =VLOOKUP(C88,Master!A:C,3,0) | E88: 45691 | F88: 31 Nov 26 | G88: 0.4 | H88: =VLOOKUP(C88,'[3]AI & Data'!$B:$H,7,0) | I88: Enhancement + SR
C89: Masked Person 72 | D89: =VLOOKUP(C89,Master!A:C,3,0) | E89: 46235 | F89: 46568 | G89: 1 | H89: =VLOOKUP(C89,'[3]AI & Data'!$B:$H,7,0) | I89: Enhancement + SR
C90: Masked Person 35 | D90: =VLOOKUP(C90,Master!A:C,3,0) | E90: 46327 | F90: 46477 | I90: Proposed for Investigation Assistant
C91: Masked Person 12 | D91: =VLOOKUP(C91,Master!A:C,3,0) | E91: 46296 | F91: 46477 | I91: Proposed for Investigation Assistant
C92: Masked Person 68 | D92: =VLOOKUP(C92,Master!A:C,3,0) | E92: 46296 | F92: 46477 | I92: Proposed for Investigation Assistant
C93: Masked Person 18 | D93: =VLOOKUP(C93,Master!A:C,3,0) | E93: 46327 | F93: 46477 | I93: Proposed for Investigation Assistant
C94: Masked Person 90 | D94: =VLOOKUP(C94,Master!A:C,3,0) | E94: 46327 | F94: 46477 | I94: Proposed for Investigation Assistant
C95: Masked Person 38 | D95: =VLOOKUP(C95,Master!A:C,3,0) | E95: 46296 | F95: 46418 | G95: 1 | H95: =VLOOKUP(C95,'[3]AI & Data'!$B:$H,7,0) | I95: Proposed for Investigation Assistant
A98: Client P | B98: Masked Person 40 | C98: Masked Person 40 | D98: =VLOOKUP(C98,Master!A:C,3,0) | E98: 46266 | F98: 46446 | G98: 0.25 | H98: =VLOOKUP(C98,'[3]AI & Data'!$B:$H,7,0)
C99: Masked Person 26 | D99: =VLOOKUP(C99,Master!A:C,3,0) | E99: 46239 | F99: 46538 | G99: 0.8 | H99: =VLOOKUP(C99,'[3]AI & Data'!$B:$H,7,0) | I99: 60% - Aug26, 80% - Sept 26, 100% - 1Nov to 31 May 27
C100: Masked Person 19 | D100: =VLOOKUP(C100,Master!A:C,3,0) | E100: 46252 | F100: 46357 | G100: 1 | H100: =VLOOKUP(C100,'[3]AI & Data'!$B:$H,7,0) | I100: 50% Client P, 50% Client I until 21 Aug. Then 100% Client P till 1 Dec 26
C101: Masked Person 81 | D101: =VLOOKUP(C101,Master!A:C,3,0) | E101: 46296 | F101: 46538 | G101: 1 | H101: =VLOOKUP(C101,'[3]AI & Data'!$B:$H,7,0)
A104: Client Q | B104: Masked Person 40 | C104: Masked Person 40 | D104: =VLOOKUP(C104,Master!A:C,3,0) | H104: =VLOOKUP(C104,'[3]AI & Data'!$B:$H,7,0)
C105: Masked Person 26 | D105: =VLOOKUP(C105,Master!A:C,3,0) | E105: 46239 | F105: 31 Sept 26 | G105: 0.2 | H105: =VLOOKUP(C105,'[3]AI & Data'!$B:$H,7,0) | I105: Client Q: 40% Aug 26, 20% Sep 26
A108: Client E | B108: Masked Person 13 | C108: Masked Person 13 | D108: =VLOOKUP(C108,Master!A:C,3,0) | F108: 46296 | G108: 0.2 | H108: =VLOOKUP(C108,'[3]AI & Data'!$B:$H,7,0)
C109: Masked Person 17 | D109: =VLOOKUP(C109,Master!A:C,3,0) | F109: 46321 | G109: 0.2 | H109: =VLOOKUP(C109,'[3]AI & Data'!$B:$H,7,0)
C110: Masked Person 18 | D110: =VLOOKUP(C110,Master!A:C,3,0) | F110: 46273 | G110: 0.5 | H110: =VLOOKUP(C110,'[3]AI & Data'!$B:$H,7,0) | I110: Client E : 50% till end of Aug then 100% till end of Oct. Client E Maintenance may get extended (High Probability) Submitted for Project C2 Investigation assist, expecting to start work from Oct2026 9sept26 to 26Oct26, 100%
C111: Masked Person 5 | D111: =VLOOKUP(C111,Master!A:C,3,0) | E111: 46279 | F111: 46339 | G111: 1 | H111: =VLOOKUP(C111,'[3]AI & Data'!$B:$H,7,0) | I111: This is a soft booking for CR. Will be able to confirm in two weeks’ time.
C112: Masked Person 39 | D112: =VLOOKUP(C112,Master!A:C,3,0) | E112: 46251 | F112: 46273 | G112: 1 | H112: =VLOOKUP(C112,'[3]AI & Data'!$B:$H,7,0) | I112: Will extend after the maintenance contract has been extended. Extend till ? 40% - Client E 9sept26 to 26Oct26, 40%
A115: Client G | B115: Masked Person 37 | C115: Masked Person 37 | D115: =VLOOKUP(C115,Master!A:C,3,0) | F115: 46387 | G115: 0.25 | H115: =VLOOKUP(C115,'[3]AI & Data'!$B:$H,7,0)
C116: Masked Person 4 | D116: =VLOOKUP(C116,Master!A:C,3,0) | F116: 46387 | G116: 1 | H116: =VLOOKUP(C116,'[3]AI & Data'!$B:$H,7,0)
C117: Masked Person 66 | D117: =VLOOKUP(C117,Master!A:C,3,0) | F117: 46387 | G117: 1 | H117: =VLOOKUP(C117,'[3]AI & Data'!$B:$H,7,0)
C118: Masked Person 92 | D118: =VLOOKUP(C118,Master!A:C,3,0) | F118: 46387 | G118: 1 | H118: =VLOOKUP(C118,'[3]AI & Data'!$B:$H,7,0)
A121: Client T | B121: Masked Person 37 | C121: Masked Person 37 | D121: =VLOOKUP(C121,Master!A:C,3,0) | G121: 0.2 | H121: =VLOOKUP(C121,'[3]AI & Data'!$B:$H,7,0) | I121: Oct-Nov26
C122: Masked Person 6 | D122: =VLOOKUP(C122,Master!A:C,3,0) | E122: 46279 | F122: 46387 | G122: 1 | H122: =VLOOKUP(C122,'[3]AI & Data'!$B:$H,7,0) | I122: 100% for Sep & Oct. 50% from Nov26
C123: Masked Person 4 | D123: =VLOOKUP(C123,Master!A:C,3,0) | E123: 46327 | F123: 46419 | G123: 1 | H123: =VLOOKUP(C123,'[3]AI & Data'!$B:$H,7,0)
A126: Client M | B126: Masked Person 40 | C126: Masked Person 91 | D126: =VLOOKUP(C126,Master!A:C,3,0) | E126: 46125 | F126: 46489 | G126: 1 | H126: =VLOOKUP(C126,'[3]AI & Data'!$B:$H,7,0)
A129: Client L | B129: Masked Person 65 | C129: Masked Person 32 | D129: =VLOOKUP(C129,Master!A:C,3,0) | F129: 46273 | G129: 1 | H129: =VLOOKUP(C129,'[3]AI & Data'!$B:$H,7,0) | I129: Released from Client L
C130: Masked Person 6 | D130: =VLOOKUP(C130,Master!A:C,3,0) | F130: 46273 | G130: 1 | H130: =VLOOKUP(C130,'[3]AI & Data'!$B:$H,7,0) | I130: Released from Client L
A133: Client K | B133: Masked Person 58 | C133: Masked Person 57 | D133: =VLOOKUP(C133,Master!A:C,3,0) | F133: 46478 | G133: 1 | H133: =VLOOKUP(C133,'[3]AI & Data'!$B:$H,7,0)

Sheet Utilization by BD (2)
A1: BD Name | B1: Engagement Manager | C1: Resource | D1: Current Grade | E1: Supporting BD | F1: End Date | G1: Utilization % | H1: Remarks
A2: Client R | B2: Masked Person 16 | C2: Masked Person 12 | D2: =VLOOKUP(C2,Master!A:C,3,0) | E2: Client V | H2: BD/BQ
E3: Client U | I3: Masked Person 35
E4: Client X
E5: Client Y
E6: Client W | H6: RFQ/BQ
E7: Client R- Ai governance
E8: Client R- Vulnerability Management
E9: Client L (Submitted) | H9: RFPs
E10: Client Z (Submitted)
C11: Masked Person 90 | D11: =VLOOKUP($C11,Master!A:C,3,0) | E11: Client R | I11: Masked Person 83, Masked Person 15, Masked Person 19 AG, Masked Person 45
E12: Alliance Actions and Follow Ups
B35: Masked Person 16
B36: Utilization Breakdown | C36: Utilization % | D36: Details
B37: BDs | C37: 0.5 | D37: Client R, Client U, Client W, Client O, Client X, Client V, Digital Twin
B38: Client C | C38: 0.1 | D38: Trainings and Brownbag sessions content and sessions
B39: Alliances | C39: 0.4

Sheet Working Sheet
A1: Master List | B1: Resource | C1: Comparison
A2: Masked Person 2 | B2: Masked Person 7 | C2: =VLOOKUP(A2,B:B,1,0)
A3: Masked Person 3 | B3: Masked Person 8 | C3: =VLOOKUP(A3,B:B,1,0)
A4: Masked Person 4 | B4: Masked Person 49 | C4: =VLOOKUP(A4,B:B,1,0)
A5: Masked Person 5 | B5: Masked Person 59 | C5: =VLOOKUP(A5,B:B,1,0)
A6: Masked Person 6 | B6: Masked Person 67 | C6: =VLOOKUP(A6,B:B,1,0)
A7: Masked Person 7 | B7: Masked Person 79 | C7: =VLOOKUP(A7,B:B,1,0)
A8: Masked Person 8 | B8: Masked Person 87 | C8: =VLOOKUP(A8,B:B,1,0)
A9: Masked Person 9 | B9: Masked Person 89 | C9: =VLOOKUP(A9,B:B,1,0)
A10: Masked Person 10 | B10: Masked Person 93 | C10: =VLOOKUP(A10,B:B,1,0)
A11: Masked Person 12 | B11: Masked Person 96 | C11: =VLOOKUP(A11,B:B,1,0)
A12: Masked Person 15 | B12: Masked Person 3 | C12: =VLOOKUP(A12,B:B,1,0)
A13: Masked Person 18 | B13: Masked Person 9 | C13: =VLOOKUP(A13,B:B,1,0)
... A42: Masked Person 60 | B42: Masked Person 45 | C42: =VLOOKUP(A42,B:B,1,0)
A43: Masked Person 63 | B43: Masked Person 30 | C43: =VLOOKUP(#REF!,B:B,1,0)
A44: Masked Person 64 | B44: Masked Person 44 | C44: =VLOOKUP(A43,B:B,1,0)
A45: Masked Person 66 | B45: Masked Person 52 | C45: =VLOOKUP(A44,B:B,1,0)
A46: Masked Person 67 | B46: Masked Person 55 | C46: =VLOOKUP(A45,B:B,1,0)
A47: Masked Person 68 | B47: Masked Person 72 | C47: =VLOOKUP(A46,B:B,1,0)
A48: Masked Person 70 | B48: Masked Person 38 | C48: =VLOOKUP(A47,B:B,1,0)
A49: Masked Person 71 | B49: Masked Person 47 | C49: =VLOOKUP(A48,B:B,1,0)
A50: Masked Person 72 | B50: Masked Person 2 | C50: =VLOOKUP(A49,B:B,1,0)
A51: Masked Person 73 | B51: Masked Person 4 | C51: =VLOOKUP(A50,B:B,1,0)
A52: Masked Person 76 | B52: Masked Person 66 | C52: =VLOOKUP(A51,B:B,1,0)
A53: Masked Person 78 | B53: Masked Person 92 | C53: =VLOOKUP(A52,B:B,1,0)
A54: Masked Person 79 | B54: Masked Person 6 | C54: =VLOOKUP(A53,B:B,1,0)
A55: Masked Person 80 | B55: Masked Person 91 | C55: =VLOOKUP(A54,B:B,1,0)
... A58: Masked Person 85 | B58: Masked Person 57 | C58: =VLOOKUP(A57,B:B,1,0)
A59: Masked Person 87 | C59: =VLOOKUP(A58,B:B,1,0)
A60: Masked Person 89 | C60: =VLOOKUP(A59,B:B,1,0)
A61: Masked Person 90 | C61: =VLOOKUP(A60,B:B,1,0)
A62: Masked Person 91 | C62: =VLOOKUP(A61,B:B,1,0)
A63: Masked Person 92 | C63: =VLOOKUP(A62,B:B,1,0)
A64: Masked Person 93 | C64: =VLOOKUP(A63,B:B,1,0)
A65: Masked Person 95 | C65: =VLOOKUP(A64,B:B,1,0)
A66: Masked Person 96 | C66: =VLOOKUP(A65,B:B,1,0)
C67: =VLOOKUP(A66,B:B,1,0)

Sheet Resources on Bench
A1: Resource | B1: Current Grade | C1: Available Start Date | D1: End Date | E1: Remarks
A2: Masked Person 7 | B2: =VLOOKUP(A2,Master!A:C,3,0)
A3: Masked Person 8 | B3: =VLOOKUP(A3,Master!A:C,3,0)
A4: Masked Person 49 | B4: =VLOOKUP(A4,Master!A:C,3,0)
A5: Masked Person 59 | B5: =VLOOKUP(A5,Master!A:C,3,0)
A6: Masked Person 67 | B6: =VLOOKUP(A6,Master!A:C,3,0)
A7: Masked Person 76 | B7: =VLOOKUP(A7,Master!A:C,3,0)
A8: Masked Person 79 | B8: =VLOOKUP(A8,Master!A:C,3,0)
A9: Masked Person 87 | B9: =VLOOKUP(A9,Master!A:C,3,0)
A10: Masked Person 89 | B10: =VLOOKUP(A10,Master!A:C,3,0)
A11: Masked Person 93 | B11: =VLOOKUP(A11,Master!A:C,3,0)
A12: Masked Person 96 | B12: =VLOOKUP(A12,Master!A:C,3,0)
A13: Masked Person 3 | B13: =VLOOKUP(A13,Master!A:C,3,0)
... A38: Masked Person 73 | B38: =VLOOKUP(A38,Master!A:C,3,0)
A40: Masked Person 34 | B40: =VLOOKUP(A40,Master!A:C,3,0) | C40: 46174 | D40: 46296
A41: Masked Person 60 | B41: =VLOOKUP(A41,Master!A:C,3,0) | C41: 46174 | D41: 46296
A42: Masked Person 64 | B42: =VLOOKUP(A42,Master!A:C,3,0) | C42: 46188 | D42: 46296
A43: Masked Person 68 | B43: =VLOOKUP(A43,Master!A:C,3,0) | C43: 46188 | D43: 46296
A45: Masked Person 15 | B45: =VLOOKUP(A45,Master!A:C,3,0) | C45: 46198 | D45: 46266
A46: Masked Person 19 | B46: =VLOOKUP(A46,Master!A:C,3,0) | C46: 46148 | D46: 46266
A47: Masked Person 25 | B47: =VLOOKUP(A47,Master!A:C,3,0) | C47: 46054 | D47: 46266
A48: Masked Person 45 | B48: =VLOOKUP(A48,Master!A:C,3,0) | C48: 46148 | D48: 46266
A50: Masked Person 30 | B50: =VLOOKUP(A50,Master!A:C,3,0)
A51: Masked Person 60 | B51: =VLOOKUP(A51,Master!A:C,3,0)
A52: Masked Person 44 | B52: =VLOOKUP(A52,Master!A:C,3,0)
A53: Masked Person 52 | B53: =VLOOKUP(A53,Master!A:C,3,0)
A54: Masked Person 55 | B54: =VLOOKUP(A54,Master!A:C,3,0)
A55: Masked Person 62 | B55: =VLOOKUP(A55,Master!A:C,3,0)
A57: Masked Person 47 | B57: =VLOOKUP(A57,Master!A:C,3,0)
A59: Masked Person 2 | B59: =VLOOKUP(A59,Master!A:C,3,0) | D59: 46241 | E59: Internship ending on 7Aug2026
A60: Masked Person 4 | B60: =VLOOKUP(A60,Master!A:C,3,0) | D60: 46387
A61: Masked Person 66 | B61: =VLOOKUP(A61,Master!A:C,3,0) | D61: 46387
A62: Masked Person 92 | B62: =VLOOKUP(A62,Master!A:C,3,0) | D62: 46387
A64: Masked Person 6 | B64: =VLOOKUP(A64,Master!A:C,3,0) | C64: 46279 | D64: 46387 | E64: 100% available from 1Sep - 11Sep26 50% available from 14Sep - 31Dec26
A67: Masked Person 91 | B67: =VLOOKUP(A67,Master!A:C,3,0)
A69: Masked Person 26 | B69: =VLOOKUP(A69,Master!A:C,3,0)
A71: Masked Person 32 | B71: =VLOOKUP(A71,Master!A:C,3,0) | D71: 46248 | E71: He is available from 17Aug2026
A72: Masked Person 6 | B72: =VLOOKUP(A72,Master!A:C,3,0) | D72: 46265
A74: Masked Person 85 | B74: =VLOOKUP(A74,Master!A:C,3,0)
A75: Masked Person 90 | B75: =VLOOKUP(A75,Master!A:C,3,0)
A77: Masked Person 57 | B77: =VLOOKUP(A77,Master!A:C,3,0) | D77: 46478

Sheet Sheet5
A2: Employee name | C2: Rank and Grade | D2: Allocation Remarks | E2: Resource
A3: Masked Person 2 | B3: =VLOOKUP(A3,E:E,1,0) | C3: Intern (CS) 1 | D3: May - Aug 2027 Client G May - Aug 2026 - Client G 100% Internship until 7 Aug | E3: Masked Person 7
A4: Masked Person 3 | B4: =VLOOKUP(A4,E:E,1,0) | C4: Senior 3 | D4: Jan 2027 - None Jul - Dec 2026 - Client A M&S 100% Jan - Dec 2026 - Client A 100% | E4: Masked Person 8
A5: Masked Person 4 | B5: =VLOOKUP(A5,E:E,1,0) | C5: Senior 1 | D5: 100% on Client G till 30Nov26 | E5: Masked Person 49
A6: Masked Person 5 | B6: =VLOOKUP(A6,E:E,1,0) | C6: Senior 1 | D6: Sep 2026 - Jan 2027 - none On bench (27 Jul) | E6: Masked Person 59
A7: Masked Person 6 | B7: =VLOOKUP(A7,E:E,1,0) | C7: Senior 3 | D7: September 2026 - January 2027 - Client T 100% August 2026 - August 2026 - Client L 100% April - End August 2026 - Data Management Strategy Study 100% | E7: Masked Person 67
A8: Masked Person 7 | B8: =VLOOKUP(A8,E:E,1,0) | C8: Manager 3 | D8: Jul - Aug 2026 - 80% Client A 20% Client B Sep 2026 - Jan 2027 onwards - 50% Client B | E8: Masked Person 76
A9: Masked Person 8 | B9: =VLOOKUP(A9,E:E,1,0) | C9: Senior 2 | D9: Jan - Feb 2027 - Client A 100% | E9: Masked Person 79
A10: Masked Person 9 | B10: =VLOOKUP(A10,E:E,1,0) | C10: Staff/Assistant 2 | D10: Aug 2026 - Jan 2027 - Client A Platform A1 in GovCloud 100% Jan - Dec 2026 - Client A 100% Profile has been submitted for Client AB. | E10: Masked Person 87
A11: Masked Person 10 | B11: =VLOOKUP(A11,E:E,1,0) | C11: Staff/Assistant 1 | D11: Jul - Aug 2026 -Client B 100% | E11: Masked Person 89
A12: Masked Person 12 | B12: =VLOOKUP(A12,E:E,1,0) | C12: Senior 2 | D12: On bench (27 Jul) / Pending for Client C 50% | E12: Masked Person 93
A13: Masked Person 14 | B13: =VLOOKUP(A13,E:E,1,0) | C13: Senior 3 | D13: Resigned and left the organization | E13: Masked Person 96
A14: Masked Person 15 | B14: =VLOOKUP(A14,E:E,1,0) | C14: Intern (CS) 1 | D14: Jul - Aug 2026 - Client I 100%, Sep - Dec 2026 Client J 100% Jul - Aug 2026 Project I1 100% internship until 13th November 2026 | E14: Masked Person 3
... A22: Masked Person 27 | B22: =VLOOKUP(A22,E:E,1,0) | C22: Manager 3 | D22: Jan - Dec - Client A 60%, 20% Project C2 enhancment, 20% Project C2 BD | E22: Masked Person 78
A23: Masked Person 28 | B23: =VLOOKUP(A23,E:E,1,0) | C23: Staff/Assistant 2 | D23: May - Aug 2027 - Client A 100%
A24: Masked Person 30 | B24: =VLOOKUP(A24,E:E,1,0) | C24: Senior 3 | D24: Jan - Dec 2030 Client C 100% | E24: Masked Person 7
A25: Masked Person 31 | B25: =VLOOKUP(A25,E:E,1,0) | C25: Staff/Assistant 2 | D25: Jul 2026 - Dec 2027 - Client B 100% Mar - Dec 2026 - Client B 100% | E25: Masked Person 10
A26: Masked Person 32 | B26: =VLOOKUP(A26,E:E,1,0) | C26: Staff/Assistant 1 | D26: May - Aug 2026 - Client L 100% Jul - Nov 2026 - Client L 100% | E26: Masked Person 20
A27: Masked Person 33 | B27: =VLOOKUP(A27,E:E,1,0) | C27: Senior 2 | D27: Aug 2026 - Jan 2027 - Client B Jan- Dec 2029 Client B 100% | E27: Masked Person 31
A28: Masked Person 34 | B28: =VLOOKUP(A28,E:E,1,0) | C28: Staff/Assistant 1 | D28: Sep 2026 - Jan 2027 - none July 2026 - September 2026 Project F2 100% Jul - 21 Sep 2026 Client F 100% | E28: Masked Person 33
A29: Masked Person 35 | B29: =VLOOKUP(A29,E:E,1,0) | C29: Senior 2 | D29: Client L LR (Masked Person 24), Project C4 (Masked Person 42/Masked Person 40), Client AF (Masked Person 29) Client E (Masked Person 17/Masked Person 42/Masked Person 29) - hands on to experiment with prototype AI solution - assessed component for tender submission | E29: Masked Person 46
A30: Masked Person 38 | B30: =VLOOKUP(A30,E:E,1,0) | C30: Staff/Assistant 2 | D30: On bench (27 Jul) Short listed for Client AB, Client M first round. Jul26-Jan27, 100% for Client C Enhancement and Investigation Assistant | E30: Masked Person 53
A31: Masked Person 39 | B31: =VLOOKUP(A31,E:E,1,0) | C31: Senior 1 | D31: Sep 2026 - Jan 2027 - none Jul - Aug 2026 - Client F 100% Profile has been submitted for Client AB. | E31: Masked Person 63
A32: Masked Person 41 | B32: =VLOOKUP(A32,E:E,1,0) | C32: Intern (CS) 1 | D32: Pending for Client D till Dec | E32: Masked Person 71
A33: Masked Person 44 | B33: =VLOOKUP(A33,E:E,1,0) | C33: Intern (CS) 1 | D33: July - Jan 2027 - Platform C1 100% June 2026 - Apr 2027 Client C 100% Internship until 30 Apr 2027 | E33: Masked Person 81
A34: Masked Person 45 | B34: =VLOOKUP(A34,E:E,1,0) | C34: Intern (CS) 1 | D34: Jul - Aug 2026 - Client I 100%, Sep - Dec 2026 Client J 100% May - Aug 14 2026 - Client I 100% Internship ending Mid Sep26 | E34: Masked Person 90
A35: Masked Person 46 | B35: =VLOOKUP(A35,E:E,1,0) | C35: Senior 3 | D35: May - Jan 2027 - Client B System B1 Jan - Dec 2026 Client B 100% | E35: Masked Person 95
A36: Masked Person 47 | B36: =VLOOKUP(A36,E:E,1,0) | C36: Staff/Assistant 2 | D36: Jan 2026 - Oct 2026 Client E 100%
A37: Masked Person 49 | B37: =VLOOKUP(A37,E:E,1,0) | C37: Intern (CS) 1 | D37: May 2026 - Apr 2027 - Client A 100% Internship until April 2027 | E37: Masked Person 22
A38: Masked Person 50 | B38: =VLOOKUP(A38,E:E,1,0) | C38: Senior 3 | D38: Aug 2026 - Client C 20% Aug 2026 - Client A 10% | E38: Masked Person 41
A39: Masked Person 52 | B39: =VLOOKUP(A39,E:E,1,0) | C39: Staff/Assistant 2 | D39: Aug - Jan 2027 - Platform C1 - Implementation Release 2 and 3 ENG-014 100% Jul2026-Jul2030, 100% for Platform C1 | E39: Masked Person 73
A40: Masked Person 53 | B40: =VLOOKUP(A40,E:E,1,0) | C40: Senior 1 | D40: Jul 2026 - Jan 2027 - Client B 100% Jan - Dec 2026 Client B 100%
A41: Masked Person 55 | B41: =VLOOKUP(A41,E:E,1,0) | C41: Manager 3 | D41: Jan - Oct 2026 - Platform C1 60% | E41: Masked Person 34
A42: Masked Person 57 | B42: =VLOOKUP(A42,E:E,1,0) | C42: Manager 3 | D42: August 2026 - April 2027 - Project K1 100% | E42: Masked Person 60
A43: Masked Person 59 | B43: =VLOOKUP(A43,E:E,1,0) | C43: Staff/Assistant 2 | D43: Jan - Dec 2026 - Client A 100% | E43: Masked Person 64
A44: Masked Person 60 | B44: =VLOOKUP(A44,E:E,1,0) | C44: Manager 1 | D44: Sep 2026 - Jan 2027 - none (TBD) July 2026 - Aug 2026 - Project F2 100% Jan - Jul 2026 Client C 100% Jul - Oct 2026 Client C 50% | E44: Masked Person 68
A45: Masked Person 62 | B45: =VLOOKUP(A45,E:E,1,0) | C45: Intern (CS) 1 | D45: Jan - July 2026 - Client C Internship until 31 July
A46: Masked Person 63 | B46: =VLOOKUP(A46,E:E,1,0) | C46: Staff/Assistant 2 | D46: Jan - Dec 2026 Client B 100% | E46: Masked Person 15
A47: Masked Person 64 | B47: =VLOOKUP(A47,E:E,1,0) | C47: Intern (CS) 1 | D47: June 2026 - Client I 100% June - Sept2026 - Client F 100% Internship until 11 Dec | E47: Masked Person 19
A48: Masked Person 66 | B48: =VLOOKUP(A48,E:E,1,0) | C48: Intern (CS) 1 | D48: July - December 2026 - Client G Mar - Aug 2026 - Client G Internship until 7 Aug | E48: Masked Person 25
A49: Masked Person 67 | B49: =VLOOKUP(A49,E:E,1,0) | C49: Intern (CS) 1 | D49: May 2026 - Apr 2027 - Client A 100% Internship until April 2027 | E49: Masked Person 45
A50: Masked Person 68 | B50: =VLOOKUP(A50,E:E,1,0) | C50: Manager 2 | D50: Jul - Sept 2026 - Client F Project F2 75%, Jul - Sept 2026 - Client L 20% Jul - Sept 2026 - Project I1 5% Oct 2026 - Feb 2027 - Project I1 100% 100% allocated across Client C, Client B, Client AH, Client AI, Client AJ
A51: Masked Person 70 | B51: =VLOOKUP(A51,E:E,1,0) | C51: Staff/Assistant 2 | D51: Jun - Dec 2026 - Client A Platform A1 Maintenance Phase 1 &2 -100% May - Dec 2026 - Client A 100% | E51: Masked Person 30
A52: Masked Person 71 | B52: =VLOOKUP(A52,E:E,1,0) | C52: Senior 1 | D52: Jul - Jan 2027 - Client B 100% | E52: Masked Person 60
A53: Masked Person 72 | B53: =VLOOKUP(A53,E:E,1,0) | C53: Staff/Assistant 2 | D53: Dec 2025 - end 2026 Client A100% | E53: Masked Person 44
A54: Masked Person 73 | B54: =VLOOKUP(A54,E:E,1,0) | C54: Senior 2 | D54: Jul 2026 - Jan 2027 - Client D 100% Jan - Dec 2026 - Client D 100% | E54: Masked Person 52
A55: Masked Person 76 | B55: =VLOOKUP(A55,E:E,1,0) | C55: Staff/Assistant 2 | D55: Jul 2026 - Jan 2027 Client A GovCloud P3 100% Jan 2026 - Dec 2026 Client A 100% | E55: Masked Person 55
A56: Masked Person 78 | B56: =VLOOKUP(A56,E:E,1,0) | C56: Staff/Assistant 1 | D56: Jan 2026 - Dec 2026 Client A 100% | E56: Masked Person 62
A57: Masked Person 79 | B57: =VLOOKUP(A57,E:E,1,0) | C57: Senior 3 | D57: Aug 2026 - Jan 2027 - Client A 100% Jan 2026 - Dec Client A 100%
A58: Masked Person 80 | B58: =VLOOKUP(A58,E:E,1,0) | C58: Staff/Assistant 1 | D58: July 2026 - Jan 2027 - Client A 100% Jan - Dec 2026 - Client A 100% | E58: Masked Person 47
A59: Masked Person 81 | B59: =VLOOKUP(A59,E:E,1,0) | C59: Staff/Assistant 1 | D59: July 2026 - Jan 2027 - System B1/Client B 100% Jan 2026 - Dec 2026 Client B 100%
A60: Masked Person 83 | B60: =VLOOKUP(A60,E:E,1,0) | C60: Manager 2 | D60: Aug 2026- Jan 2027 Currently on bench Jan - June 2026 Client F 100% | E60: Masked Person 2
A61: Masked Person 85 | B61: =VLOOKUP(A61,E:E,1,0) | C61: Intern (CS) 1 | D61: Client R BD Internship until 7 Aug | E61: Masked Person 4
A62: Masked Person 87 | B62: =VLOOKUP(A62,E:E,1,0) | C62: Staff/Assistant 2 | D62: Jul - Jan 2027 - Client A GovCloud Platform A1 Phase 4 100% Jan - Dec 2026 Client A 100% | E62: Masked Person 66
A63: Masked Person 89 | B63: =VLOOKUP(A63,E:E,1,0) | C63: Staff/Assistant 1 | D63: Jan - Dec 2026 - Client A Internship until 26 June | E63: Masked Person 92
A64: Masked Person 90 | B64: =VLOOKUP(A64,E:E,1,0) | C64: Intern (CS) 1 | D64: Client B & Client D Internship ending 4Dec2026
A65: Masked Person 91 | B65: =VLOOKUP(A65,E:E,1,0) | C65: Staff/Assistant 2 | D65: Apr 2026 - Apr 2027 - Client M | E65: Masked Person 6
A66: Masked Person 92 | B66: =VLOOKUP(A66,E:E,1,0) | C66: Staff/Assistant 1 | D66: July 2026 - Jan 2027 - Client G 100% Mar - June 2026 - Client G 50% July - Dec 2026 - Client A 100%
A67: Masked Person 93 | B67: =VLOOKUP(A67,E:E,1,0) | C67: Intern (CS) 1 | D67: May - Dec 2026 - Client A 100% Internship until Dec 2026
A68: Masked Person 95 | B68: =VLOOKUP(A68,E:E,1,0) | C68: Senior 1 | D68: July - Jan 2027 - Client B 100% Jan 2026 - Dec 2026 Client B 100% | E68: Masked Person 91
A69: Masked Person 96 | B69: =VLOOKUP(A69,E:E,1,0) | C69: Manager 3 | D69: Aug 2026 - Apr 2027 Client A 100%
E70: Masked Person 26
E72: Masked Person 32
E73: Masked Person 6
E78: Masked Person 57

Sheet SM
A1: Employee name | B1: Rank and Grade | C1: Bench Category Column | D1: 6 Weeks Forecast | E1: 12 Weeks Forecast | F1: Current Week Forecast | G1: WC 30 Jun 2026 | H1: WC 7 Jul 2026 | I1: WC 14 Jul 2026 | J1: WC 22 Jul 2026 | K1: WC 29 Jul 2026 | L1: WC 5 Aug 2026 | M1: WC 12 Aug 2026 | N1: Allocation | O1: Nationality | P1: Previous/Existing Project Roles | Q1: Primary Skillset (Platform) | R1: Secondary Skillset | S1: Aspiring roles | T1: Current Engagement | U1: EM
A2: Masked Person 1 | B2: Senior Manager 1 | C2: Coming on bench in 24 week(s) | D2: 0.38663217 | E2: 0.38664958 | F2: 0.386667 | G2: 0.386667 | H2: 0.386667 | I2: 0.386667 | J2: 0.386458 | K2: 0.386667 | L2: 0.386667 | M2: 0.386667 | N2: Jan - Dec 2026 - Client A 40% | O2: Singaporean | T2: Client A - Platform A1 (GovCloud) - ENG-017 | U2: Masked Person 1
A3: Masked Person 11 | B3: Senior Manager 1 | C3: Benching for 1 week(s) | D3: 0 | E3: 0 | F3: 0 | G3: 0 | H3: 0 | I3: 0 | J3: 0 | K3: 0 | L3: 0 | M3: 0 | N3: Jan - Jun 2026 - Client D 60% | O3: PR (Malaysian) | Q3: System Migration | R3: Data Architect | S3: AI Philosopist | T3: Client D - Platform D1 GovCloud Migration - Imp - ENG-007 | U3: Masked Person 11
A4: Masked Person 13 | B4: Senior Manager 1 | C4: Coming on bench in 42 week(s) | D4: 0.34893667 | E4: 0.27916933 | F4: 1.04661 | G4: 1.04661 | H4: 0.209402 | I4: 0.209402 | J4: 0.209402 | K4: 0.209402 | L4: 0.209402 | M4: 0.209402 | N4: Dec 2026 Client AE, Client A, Client E - Combined 100% | O4: EP (Indian) | Q4: Project Management, Agile Delivery, Scrum | R4: Data Governance | S4: AI Strategy and Governance | T4: Client C - Platform C1 - Implementation Release 2 and 3 - ENG-014 | U4: Masked Person 61
A5: Masked Person 16 | B5: Senior Manager 3 | C5: Benching for 1 week(s) | D5: 0 | E5: 0 | F5: 0 | G5: 0 | H5: 0 | I5: 0 | J5: 0 | K5: 0 | L5: 0 | M5: 0 | O5: EP (Indian) | P5: Project Lead | Q5: Project Management, Business Analysis | R5: - | S5: - | T5: Client C - Platform C1 - Implementation Release 2 and 3 - ENG-014 | U5: Masked Person 61
A6: Masked Person 17 | B6: Senior Manager 3 | C6: Coming on bench in 16 week(s) | D6: 0.049045117 | E6: 0.048064208 | F6: 0.0470833 | G6: 0.0470833 | H6: 0.0470833 | I6: 0.0470833 | J6: 0.0588542 | K6: 0.0470833 | L6: 0.0470833 | M6: 0.0470833 | O6: PR (Indian) | Q6: AI Engineering, Solutions Development | R6: - | S6: - | T6: HOUSING & DEVELOPMENT BOARD - Client E System E1 Support - ENG-005
A7: Masked Person 29 | B7: Senior Manager 3 | C7: Benching for 1 week(s) | D7: 0 | E7: 0 | F7: 0 | G7: 0 | H7: 0 | I7: 0 | J7: 0 | K7: 0 | L7: 0 | M7: 0 | O7: EP (Indian) | Q7: AI Scientist (Machine Learning, Computer Vision, Language AI, Generative AI, Agentic AI) | R7: AI Strategy & Consulting | S7: AI Scientist (Machine Learning, Computer Vision, Language AI, Generative AI, Agentic AI) | T7: Client J Construction Analytics & AI MVP Client H Project H1 - ENG-020 Client I - AI Roadmap & MVP Implementation - ENG-019 | U7: Masked Person 29
A8: Masked Person 37 | B8: Senior Manager 3 | C8: Coming on bench in 16 week(s) | D8: 0.2 | E8: 0.2 | F8: 0.2 | G8: 0.2 | H8: 0.2 | I8: 0.2 | J8: 0.2 | K8: 0.2 | L8: 0.2 | M8: 0.2 | N8: Client G | O8: PR | T8: -
A9: Masked Person 40 | B9: Senior Manager 3 | C9: Benching for 1 week(s) | D9: 0 | E9: 0 | F9: 0 | G9: 0 | H9: 0 | I9: 0 | J9: 0 | K9: 0 | L9: 0 | M9: 0 | N9: Project C2 | O9: EP (Indian) | Q9: AI Platform, Data Platform, Strategy | R9: Data Processing with Azure, Databricks, Snowflake | S9: AI Engineering | T9: -
A10: Masked Person 61 | B10: Senior Manager 3 | C10: Benching for 1 week(s) | D10: 0 | E10: 0 | F10: 0 | G10: 0 | H10: 0 | I10: 0 | J10: 0 | K10: 0 | L10: 0 | M10: 0 | N10: Platform C1 | O10: EP | Q10: Project Management, Data Modeling, Data Governance, Pre-sales solution | R10: Solution Architecture | S10: Data Practice management | T10: Client C - Platform C1 - Implementation Release 2 and 3 - ENG-014 | U10: Masked Person 61
A11: Masked Person 69 | B11: Senior Manager 1 | C11: Coming on bench in 24 week(s) | D11: 0.5 | E11: 0.5 | F11: 0.5 | G11: 0.5 | H11: 0.5 | I11: 0.5 | J11: 0.5 | K11: 0.5 | L11: 0.5 | M11: 0.5 | N11: 100% allocated across Client C, Client B, Client A | O11: EP | P11: Architect | Q11: Infra, Cloud Infra, GovCloud | R11: DBA | S11: Enterprise Architect | T11: Client C - Platform C1 - Implementation Release 2 and 3 - ENG-014 Client A - Platform A1 (GovCloud) - ENG-017 Client B - System B1 SAS Upgrade - 3.5 - ENG-010
