Workbook

Sheet Master
A1: Employee name | B1: Gender | C1: Rank and Grade | D1: Bench Category Column | E1: 6 Weeks Forecast | F1: 12 Weeks Forecast | G1: Current Week Forecast | H1: WC 14 Jul 2026 | I1: WC 22 Jul 2026 | J1: WC 29 Jul 2026 | K1: WC 5 Aug 2026 | L1: WC 12 Aug 2026 | M1: WC 19 Aug 2026 | N1: WC 26 Aug 2026 | O1: Allocation Remarks | P1: Bench/Partial Bench (Profinda) | Q1: % Availablity (1mth) | R1: % Availablity (2mth) | S1: % Availablity (3mth) | T1: % Availablity (6mth) | U1: % Availablity 6mth onwards (Outdated) | V1: End date | W1: Nationality | X1: Previous/Existing Project Roles | Y1: Primary Skillset (Platform) | Z1: Secondary Skillset | AA1: Combined Bucket Skillset | AB1: Data Engineering | AC1: Data Architecture | AD1: Business Intelligence & Analytics | AE1: Artificial Intelligence (AI) & Machine Learning | AF1: Data Governance & Quality | AG1: Data Security & Privacy | AH1: Data Strategy & Management | AI1: Cloud Data Platforms & Operations | AJ1: Aspiring roles | AK1: Current Engagement | AL1: EM
A2: Pokka | B2: Male | C2: Intern (CS) 1 | D2: Coming on bench in 1 week(s) | E2: 0 | F2: 0 | G2: 1.03509 | H2: 0 | I2: 0 | J2: 0 | K2: 0 | L2: 0 | M2: 0 | N2: 0 | O2: May - Aug 2027 SAESL May - Aug 2026 - SAESL 100% Internship until 7 Aug | P2: =IF($G2>=100%,"NA",IF(G2=0%,"Bench","Partial Bench")) -> NA | Q2: 0 | R2: 0 | S2: 0 | T2: 0 | U2: 100% | V2: 46211 | W2: Singaporean | X2: Tech Consultant | Y2: Python, MySQL, C++, Javascript, Typescript | Z2: Python PyTorch, Scikit-learn, SHAP, Model Optimization, Feature Engineering | AA2: {=_xlfn.TEXTJOIN(", ",TRUE,_xlfn._xlws.FILTER($AB$1:$AI$1,$AB2:$AI2="Yes"))} -> Data Engineering, Business Intelligence & Analytics, Artificial Intelligence (AI) & Machine Learning | AB2: Yes | AD2: Yes | AE2: Yes | AJ2: AI/ML Ops Software Developer / AI Engineer | AK2: Singapore Aero Engine Services Private Limited - SAESL S/4HANA Implementation - E-69379635 | AL2: Liu, Vanessa

Sheet Utilization by Engagement
A1: Project | B1: Engagement Manager | C1: Resource | D1: Current Grade | E1: Start Date | F1: End Date | G1: Utilization % | H1: Remarks
A2: Pokkatea | B2: Manager1 | C2: person1 | D2: =VLOOKUP(C2,Master!A:C,3,0) -> #N/A | F2: 46265 | G2: 0.3
C3: person 2 | D3: =VLOOKUP(C3,Master!A:C,3,0) -> #N/A | F3: 46507 | G3: 1
C4: person 3 | D4: =VLOOKUP(C4,Master!A:C,3,0) -> #N/A | F4: 46507 | G4: 1
C5: person 4 | D5: =VLOOKUP(C5,Master!A:C,3,0) -> #N/A | F5: 46325 | G5: 1
C6: person 5 | D6: =VLOOKUP(C6,Master!A:C,3,0) -> #N/A | F6: 46507 | G6: 1
C7: person 6 | D7: =VLOOKUP(C7,Master!A:C,3,0) -> #N/A | F7: 46568 | G7: 1
C8: person 7 | D8: =VLOOKUP(C8,Master!A:C,3,0) -> #N/A | F8: 46568 | G8: 1
C9: person 8 | D9: =VLOOKUP(C9,Master!A:C,3,0) -> #N/A | F9: 46568 | G9: 1
C10: person 9 | D10: =VLOOKUP(C10,Master!A:C,3,0) -> #N/A | F10: 46360 | G10: 1
C11: person 10 | D11: =VLOOKUP(C11,Master!A:C,3,0) -> #N/A | E11: 46235 | F11: 46446 | G11: 0.2
C12: person 11 | D12: =VLOOKUP(C12,Master!A:C,3,0) -> #N/A | F12: 46568 | G12: 1
A13: Masked2 | B13: Manager 2 | C13: person 12 | D13: =VLOOKUP(C13,Master!A:C,3,0) -> #N/A | F13: 46446 | G13: 1
C14: person 13 | D14: =VLOOKUP(C14,Master!A:C,3,0) -> #N/A | F14: 46325 | G14: 1
C15: person 14 | D15: =VLOOKUP(C15,Master!A:C,3,0) -> #N/A | F15: 46568 | G15: 0.6
C16: person 15 | D16: =VLOOKUP(C16,Master!A:C,3,0) -> #N/A | F16: 46568 | G16: 1
C17: person 16 | D17: =VLOOKUP(C17,Master!A:C,3,0) -> #N/A | F17: 46568 | G17: 1
C18: person 17 | D18: =VLOOKUP(C18,Master!A:C,3,0) -> #N/A | F18: 46568 | G18: 1
C19: person 18 | D19: =VLOOKUP(C19,Master!A:C,3,0) -> #N/A | F19: 46446 | G19: 1
C20: person 19 | D20: =VLOOKUP(C20,Master!A:C,3,0) -> #N/A | F20: 46265 | G20: 0.5
C21: person 20 | D21: =VLOOKUP(C21,Master!A:C,3,0) -> #N/A | F21: 46325 | G21: 1
C22: person 21
A23: Masked3 | B23: Manager 3 | C23: person 22 | D23: =VLOOKUP(C23,Master!A:C,3,0) -> #N/A | F23: 46356 | G23: 0.5
C24: person 23 | D24: =VLOOKUP(C24,Master!A:C,3,0) -> #N/A | F24: 46606 | G24: 1
C25: person 24 | D25: =VLOOKUP(C25,Master!A:C,3,0) -> #N/A | F25: 46606 | G25: 1
C26: person 25 | D26: =VLOOKUP(C26,Master!A:C,3,0) -> #N/A | F26: 46356 | G26: 1
C27: person 26 | D27: =VLOOKUP(C27,Master!A:C,3,0) -> #N/A | F27: 46418 | G27: 1
C28: person 27 | D28: =VLOOKUP(C28,Master!A:C,3,0) -> #N/A | F28: 46418 | G28: 1
C29: person 28 | D29: =VLOOKUP(C29,Master!A:C,3,0) -> #N/A | F29: 46606 | G29: 1
C30: person 29 | D30: =VLOOKUP(C30,Master!A:C,3,0) -> #N/A | F30: 46295 | G30: 1
C31: person 30 | D31: =VLOOKUP(C31,Master!A:C,3,0) -> #N/A | F31: 46606 | G31: 1
C32: person 31 | D32: =VLOOKUP(C32,Master!A:C,3,0) -> #N/A | F32: 46295 | G32: 1
C33: person 32 | D33: =VLOOKUP(C33,Master!A:C,3,0) -> #N/A | F33: 46387 | G33: 0.7
C34: person 33 | D34: =VLOOKUP(C34,Master!A:C,3,0) -> #N/A | F34: 46606 | G34: 1
A82: Unique Resources Count: 57
